open,close,high,low,value,volume,begin,end,SECID
109401,109401,109401,109401,0,1,2025-03-14 16:38:00,2025-03-14 16:38:59,SiH7
124770,124770,124770,124770,0,1,2025-03-14 16:47:00,2025-03-14 16:47:59,SiH7
117390,117390,117390,117390,0,1,2025-03-28 16:28:00,2025-03-28 16:28:59,SiH7
119474,119474,119474,119474,0,1,2025-03-31 19:57:00,2025-03-31 19:57:59,SiH7
117999,117999,117999,117999,0,1,2025-04-01 20:12:00,2025-04-01 20:12:59,SiH7
119027,119027,119027,119027,0,1,2025-04-07 10:40:00,2025-04-07 10:40:59,SiH7
119027,119027,119027,119027,0,1,2025-04-07 11:03:00,2025-04-07 11:03:59,SiH7
119001,119001,119001,119001,0,1,2025-04-09 13:59:00,2025-04-09 13:59:59,SiH7
119999,120000,120000,119999,0,2,2025-04-09 15:52:00,2025-04-09 15:52:59,SiH7
119798,119798,119798,119798,0,1,2025-04-15 23:16:00,2025-04-15 23:16:59,SiH7
117376,117375,117376,117375,0,2,2025-04-17 19:24:00,2025-04-17 19:24:59,SiH7
118942,118942,118942,118942,0,1,2025-04-21 22:10:00,2025-04-21 22:10:59,SiH7
116851,116850,116851,116850,0,2,2025-04-22 15:32:00,2025-04-22 15:32:59,SiH7
116770,116770,116770,116770,0,2,2025-04-22 15:36:00,2025-04-22 15:36:59,SiH7
116700,116700,116700,116700,0,1,2025-04-22 20:56:00,2025-04-22 20:56:59,SiH7
116100,116100,116100,116100,0,1,2025-04-24 21:13:00,2025-04-24 21:13:59,SiH7
116100,116100,116100,116100,0,1,2025-04-25 14:43:00,2025-04-25 14:43:59,SiH7
115703,115703,115703,115703,0,1,2025-04-28 18:13:00,2025-04-28 18:13:59,SiH7
116100,116100,116100,116100,0,1,2025-04-28 22:14:00,2025-04-28 22:14:59,SiH7
116000,116000,116000,116000,0,1,2025-05-02 11:16:00,2025-05-02 11:16:59,SiH7
116999,120926,120926,116999,0,5,2025-05-02 11:17:00,2025-05-02 11:17:59,SiH7
116036,106325,116036,106325,0,27,2025-05-02 19:12:00,2025-05-02 19:12:59,SiH7
114247,114246,114247,114246,0,5,2025-05-02 19:13:00,2025-05-02 19:13:59,SiH7
116079,116080,116080,116079,0,4,2025-05-02 21:33:00,2025-05-02 21:33:59,SiH7
115006,115006,115006,115006,0,1,2025-05-02 22:38:00,2025-05-02 22:38:59,SiH7
114200,114200,114200,114200,0,1,2025-05-05 14:10:00,2025-05-05 14:10:59,SiH7
114200,114200,114200,114200,0,1,2025-05-05 16:55:00,2025-05-05 16:55:59,SiH7
113086,114200,114200,113086,0,2,2025-05-05 16:56:00,2025-05-05 16:56:59,SiH7
112526,112526,112526,112526,0,1,2025-05-05 16:57:00,2025-05-05 16:57:59,SiH7
113018,113028,113028,113018,0,2,2025-05-05 17:03:00,2025-05-05 17:03:59,SiH7
113865,113865,113865,113865,0,1,2025-05-05 19:07:00,2025-05-05 19:07:59,SiH7
114164,114164,114164,114164,0,1,2025-05-05 19:12:00,2025-05-05 19:12:59,SiH7
113591,113591,113591,113591,0,1,2025-05-06 09:27:00,2025-05-06 09:27:59,SiH7
112821,112821,112821,112821,0,1,2025-05-07 11:56:00,2025-05-07 11:56:59,SiH7
112406,112357,112406,112357,0,3,2025-05-12 18:28:00,2025-05-12 18:28:59,SiH7
111904,111904,111904,111904,0,1,2025-05-13 20:52:00,2025-05-13 20:52:59,SiH7
111113,111113,111113,111113,0,1,2025-05-21 09:41:00,2025-05-21 09:41:59,SiH7
111202,111202,111202,111202,0,1,2025-05-21 13:50:00,2025-05-21 13:50:59,SiH7
111111,111111,111111,111111,0,1,2025-05-21 13:51:00,2025-05-21 13:51:59,SiH7
111111,111111,111111,111111,0,1,2025-05-21 13:53:00,2025-05-21 13:53:59,SiH7
111111,111111,111111,111111,0,2,2025-05-21 13:57:00,2025-05-21 13:57:59,SiH7
111111,111111,111111,111111,0,1,2025-05-21 14:05:00,2025-05-21 14:05:59,SiH7
111000,111000,111000,111000,0,1,2025-05-21 14:12:00,2025-05-21 14:12:59,SiH7
111000,111000,111000,111000,0,1,2025-05-21 18:03:00,2025-05-21 18:03:59,SiH7
111000,111000,111000,111000,0,3,2025-05-21 18:04:00,2025-05-21 18:04:59,SiH7
111000,111000,111000,111000,0,1,2025-05-21 18:07:00,2025-05-21 18:07:59,SiH7
110735,110735,110735,110735,0,1,2025-05-22 16:35:00,2025-05-22 16:35:59,SiH7
110376,110376,110376,110376,0,1,2025-05-22 18:29:00,2025-05-22 18:29:59,SiH7
111111,111111,111111,111111,0,2,2025-05-23 11:00:00,2025-05-23 11:00:59,SiH7
111000,111000,111000,111000,0,1,2025-05-23 12:37:00,2025-05-23 12:37:59,SiH7
110375,110375,110375,110375,0,1,2025-05-26 09:17:00,2025-05-26 09:17:59,SiH7
112116,112116,112116,112116,0,1,2025-05-27 15:48:00,2025-05-27 15:48:59,SiH7
109765,109765,109765,109765,0,1,2025-05-28 22:30:00,2025-05-28 22:30:59,SiH7
110999,110999,110999,110999,0,1,2025-05-29 10:59:00,2025-05-29 10:59:59,SiH7
110015,110015,110015,110015,0,1,2025-05-29 12:57:00,2025-05-29 12:57:59,SiH7
110015,110015,110015,110015,0,1,2025-05-29 13:50:00,2025-05-29 13:50:59,SiH7
110001,110001,110001,110001,0,1,2025-05-29 14:29:00,2025-05-29 14:29:59,SiH7
110000,110000,110000,110000,0,9,2025-05-29 14:47:00,2025-05-29 14:47:59,SiH7
110000,110000,110000,110000,0,2,2025-05-29 15:27:00,2025-05-29 15:27:59,SiH7
109778,109777,109778,109777,0,2,2025-06-02 12:19:00,2025-06-02 12:19:59,SiH7
109754,109754,109754,109754,0,1,2025-06-02 16:33:00,2025-06-02 16:33:59,SiH7
109753,109753,109753,109753,0,1,2025-06-02 16:34:00,2025-06-02 16:34:59,SiH7
109000,109000,109000,109000,0,5,2025-06-03 11:50:00,2025-06-03 11:50:59,SiH7
108025,104177,108025,104177,0,18,2025-06-05 10:07:00,2025-06-05 10:07:59,SiH7
109998,110500,110500,109998,0,18,2025-06-05 10:18:00,2025-06-05 10:18:59,SiH7
109200,109200,109200,109200,0,1,2025-06-05 10:32:00,2025-06-05 10:32:59,SiH7
109200,109200,109200,109200,0,2,2025-06-05 10:33:00,2025-06-05 10:33:59,SiH7
109200,109200,109200,109200,0,1,2025-06-05 10:34:00,2025-06-05 10:34:59,SiH7
109200,109200,109200,109200,0,1,2025-06-05 10:36:00,2025-06-05 10:36:59,SiH7
110280,110280,110280,110280,0,1,2025-06-05 11:10:00,2025-06-05 11:10:59,SiH7
110120,110120,110120,110120,0,1,2025-06-05 12:47:00,2025-06-05 12:47:59,SiH7
110000,110000,110000,110000,0,4,2025-06-05 12:49:00,2025-06-05 12:49:59,SiH7
108132,108132,108132,108132,0,1,2025-06-05 17:23:00,2025-06-05 17:23:59,SiH7
109199,109199,109199,109199,0,1,2025-06-05 18:23:00,2025-06-05 18:23:59,SiH7
108115,108115,108115,108115,0,1,2025-06-05 19:28:00,2025-06-05 19:28:59,SiH7
107617,107617,107617,107617,0,1,2025-06-05 20:32:00,2025-06-05 20:32:59,SiH7
109055,109055,109055,109055,0,1,2025-06-06 10:58:00,2025-06-06 10:58:59,SiH7
108946,108962,108962,108946,0,3,2025-06-11 14:49:00,2025-06-11 14:49:59,SiH7
108831,108997,108997,108831,0,2,2025-06-13 10:46:00,2025-06-13 10:46:59,SiH7
109204,109204,109204,109204,0,1,2025-06-13 10:57:00,2025-06-13 10:57:59,SiH7
108209,108209,108209,108209,0,2,2025-06-13 13:16:00,2025-06-13 13:16:59,SiH7
108208,108208,108208,108208,0,3,2025-06-13 17:28:00,2025-06-13 17:28:59,SiH7
107550,107550,107550,107550,0,1,2025-06-16 15:44:00,2025-06-16 15:44:59,SiH7
108000,108000,108000,108000,0,1,2025-06-16 15:55:00,2025-06-16 15:55:59,SiH7
107999,108000,108000,107999,0,4,2025-06-18 11:17:00,2025-06-18 11:17:59,SiH7
108000,108000,108000,108000,0,1,2025-06-18 12:36:00,2025-06-18 12:36:59,SiH7
108020,108038,108038,108020,0,2,2025-06-18 14:59:00,2025-06-18 14:59:59,SiH7
108030,108030,108030,108030,0,1,2025-06-18 16:10:00,2025-06-18 16:10:59,SiH7
107557,107557,107557,107557,0,1,2025-06-19 18:08:00,2025-06-19 18:08:59,SiH7
107645,107116,107645,107116,0,4,2025-06-20 10:01:00,2025-06-20 10:01:59,SiH7
106745,105565,106745,105565,0,7,2025-06-20 10:32:00,2025-06-20 10:32:59,SiH7
107153,107153,107153,107153,0,1,2025-06-20 10:49:00,2025-06-20 10:49:59,SiH7
107403,107403,107403,107403,0,1,2025-06-20 11:31:00,2025-06-20 11:31:59,SiH7
107387,107387,107387,107387,0,1,2025-06-20 16:12:00,2025-06-20 16:12:59,SiH7
107270,107270,107270,107270,0,1,2025-06-20 17:17:00,2025-06-20 17:17:59,SiH7
107199,107199,107199,107199,0,2,2025-06-23 22:02:00,2025-06-23 22:02:59,SiH7
107778,107778,107778,107778,0,2,2025-06-23 22:12:00,2025-06-23 22:12:59,SiH7
107324,107323,107324,107323,0,3,2025-06-24 10:58:00,2025-06-24 10:58:59,SiH7
107599,107699,107699,107599,0,2,2025-06-24 23:10:00,2025-06-24 23:10:59,SiH7
107399,107399,107399,107399,0,1,2025-06-25 13:01:00,2025-06-25 13:01:59,SiH7
106501,106501,106501,106501,0,1,2025-06-26 12:50:00,2025-06-26 12:50:59,SiH7
105955,105953,105955,105953,0,3,2025-06-27 15:49:00,2025-06-27 15:49:59,SiH7
105517,105516,105517,105516,0,2,2025-06-27 19:34:00,2025-06-27 19:34:59,SiH7
104945,104945,104945,104945,0,1,2025-06-30 15:44:00,2025-06-30 15:44:59,SiH7
104401,104401,104401,104401,0,1,2025-07-01 09:06:00,2025-07-01 09:06:59,SiH7
104400,104400,104400,104400,0,1,2025-07-01 09:26:00,2025-07-01 09:26:59,SiH7
105532,105532,105532,105532,0,1,2025-07-01 13:45:00,2025-07-01 13:45:59,SiH7
104071,104071,104071,104071,0,1,2025-07-01 18:04:00,2025-07-01 18:04:59,SiH7
105535,105535,105535,105535,0,1,2025-07-01 22:00:00,2025-07-01 22:00:59,SiH7
103541,103251,103541,103251,0,5,2025-07-02 09:39:00,2025-07-02 09:39:59,SiH7
103252,103252,103252,103252,0,1,2025-07-02 10:10:00,2025-07-02 10:10:59,SiH7
105550,105550,105550,105550,0,1,2025-07-02 11:06:00,2025-07-02 11:06:59,SiH7
104252,104252,104252,104252,0,1,2025-07-02 11:18:00,2025-07-02 11:18:59,SiH7
104969,104969,104969,104969,0,1,2025-07-02 18:40:00,2025-07-02 18:40:59,SiH7
105319,105319,105319,105319,0,1,2025-07-02 19:40:00,2025-07-02 19:40:59,SiH7
105319,105358,105358,105319,0,3,2025-07-02 19:41:00,2025-07-02 19:41:59,SiH7
104820,104820,104820,104820,0,1,2025-07-03 11:09:00,2025-07-03 11:09:59,SiH7
105679,105679,105679,105679,0,2,2025-07-03 14:41:00,2025-07-03 14:41:59,SiH7
104650,104650,104650,104650,0,1,2025-07-07 11:00:00,2025-07-07 11:00:59,SiH7
103900,103900,103900,103900,0,1,2025-07-07 18:46:00,2025-07-07 18:46:59,SiH7
104381,104381,104381,104381,0,1,2025-07-08 16:28:00,2025-07-08 16:28:59,SiH7
104199,104199,104199,104199,0,1,2025-07-08 19:37:00,2025-07-08 19:37:59,SiH7
104149,104149,104149,104149,0,1,2025-07-08 19:57:00,2025-07-08 19:57:59,SiH7
104149,104149,104149,104149,0,1,2025-07-08 20:07:00,2025-07-08 20:07:59,SiH7
104144,104144,104144,104144,0,1,2025-07-08 20:37:00,2025-07-08 20:37:59,SiH7
104145,104145,104145,104145,0,1,2025-07-08 21:20:00,2025-07-08 21:20:59,SiH7
104142,104142,104142,104142,0,1,2025-07-08 21:23:00,2025-07-08 21:23:59,SiH7
104138,104138,104138,104138,0,1,2025-07-08 22:10:00,2025-07-08 22:10:59,SiH7
104133,104133,104133,104133,0,1,2025-07-08 22:26:00,2025-07-08 22:26:59,SiH7
104100,104100,104100,104100,0,1,2025-07-09 12:44:00,2025-07-09 12:44:59,SiH7
103999,104000,104000,103999,0,2,2025-07-09 14:21:00,2025-07-09 14:21:59,SiH7
104340,104340,104340,104340,0,1,2025-07-09 16:54:00,2025-07-09 16:54:59,SiH7
103746,103746,103746,103746,0,1,2025-07-09 18:09:00,2025-07-09 18:09:59,SiH7
103740,103722,103740,103722,0,2,2025-07-09 18:11:00,2025-07-09 18:11:59,SiH7
103223,103223,103223,103223,0,1,2025-07-09 22:20:00,2025-07-09 22:20:59,SiH7
104259,104259,104259,104259,0,1,2025-07-10 10:26:00,2025-07-10 10:26:59,SiH7
103500,103500,103500,103500,0,1,2025-07-10 10:32:00,2025-07-10 10:32:59,SiH7
103599,103599,103599,103599,0,1,2025-07-10 10:44:00,2025-07-10 10:44:59,SiH7
103599,103599,103599,103599,0,1,2025-07-10 11:36:00,2025-07-10 11:36:59,SiH7
103971,103971,103971,103971,0,1,2025-07-10 15:06:00,2025-07-10 15:06:59,SiH7
103832,103832,103832,103832,0,3,2025-07-11 12:13:00,2025-07-11 12:13:59,SiH7
103489,103489,103489,103489,0,1,2025-07-11 13:17:00,2025-07-11 13:17:59,SiH7
103000,103000,103000,103000,0,2,2025-07-11 13:29:00,2025-07-11 13:29:59,SiH7
103200,103200,103200,103200,0,1,2025-07-11 14:08:00,2025-07-11 14:08:59,SiH7
103200,103200,103200,103200,0,1,2025-07-11 14:09:00,2025-07-11 14:09:59,SiH7
103200,103200,103200,103200,0,1,2025-07-11 14:23:00,2025-07-11 14:23:59,SiH7
102900,102900,102900,102900,0,1,2025-07-11 16:36:00,2025-07-11 16:36:59,SiH7
102901,102901,102901,102901,0,1,2025-07-11 16:44:00,2025-07-11 16:44:59,SiH7
102901,102901,102901,102901,0,1,2025-07-11 16:48:00,2025-07-11 16:48:59,SiH7
102800,102800,102800,102800,0,2,2025-07-14 11:39:00,2025-07-14 11:39:59,SiH7
102800,102800,102800,102800,0,1,2025-07-14 11:44:00,2025-07-14 11:44:59,SiH7
103915,103915,103915,103915,0,3,2025-07-14 12:48:00,2025-07-14 12:48:59,SiH7
102403,102402,102403,102402,0,2,2025-07-14 14:09:00,2025-07-14 14:09:59,SiH7
102300,102300,102300,102300,0,1,2025-07-15 13:00:00,2025-07-15 13:00:59,SiH7
101306,101306,101306,101306,0,1,2025-07-15 13:20:00,2025-07-15 13:20:59,SiH7
101200,101200,101200,101200,0,3,2025-07-15 13:28:00,2025-07-15 13:28:59,SiH7
101023,101023,101023,101023,0,2,2025-07-15 13:29:00,2025-07-15 13:29:59,SiH7
101637,101637,101637,101637,0,1,2025-07-15 23:30:00,2025-07-15 23:30:59,SiH7
101710,101711,101711,101710,0,2,2025-07-15 23:47:00,2025-07-15 23:47:59,SiH7
101300,101300,101300,101300,0,1,2025-07-16 11:49:00,2025-07-16 11:49:59,SiH7
101300,101300,101300,101300,0,1,2025-07-16 11:51:00,2025-07-16 11:51:59,SiH7
100981,100981,100981,100981,0,1,2025-07-16 12:18:00,2025-07-16 12:18:59,SiH7
101000,101000,101000,101000,0,1,2025-07-16 12:53:00,2025-07-16 12:53:59,SiH7
100999,100999,100999,100999,0,2,2025-07-17 17:07:00,2025-07-17 17:07:59,SiH7
99536,99535,99536,99535,0,2,2025-07-18 09:21:00,2025-07-18 09:21:59,SiH7
100240,100240,100240,100240,0,1,2025-07-18 09:23:00,2025-07-18 09:23:59,SiH7
100000,100000,100000,100000,0,1,2025-07-18 09:25:00,2025-07-18 09:25:59,SiH7
100586,100586,100586,100586,0,1,2025-07-18 10:38:00,2025-07-18 10:38:59,SiH7
100995,100995,100995,100995,0,1,2025-07-18 11:01:00,2025-07-18 11:01:59,SiH7
100999,101378,101378,100999,0,22,2025-07-18 14:17:00,2025-07-18 14:17:59,SiH7
99373,99373,99373,99373,0,1,2025-07-21 14:09:00,2025-07-21 14:09:59,SiH7
101375,101375,101375,101375,0,1,2025-07-21 14:14:00,2025-07-21 14:14:59,SiH7
100151,100151,100151,100151,0,1,2025-07-21 14:35:00,2025-07-21 14:35:59,SiH7
100149,100149,100149,100149,0,1,2025-07-21 14:36:00,2025-07-21 14:36:59,SiH7
99744,99744,99744,99744,0,1,2025-07-22 18:10:00,2025-07-22 18:10:59,SiH7
99744,99744,99744,99744,0,1,2025-07-22 18:11:00,2025-07-22 18:11:59,SiH7
100997,100997,100997,100997,0,1,2025-07-22 18:29:00,2025-07-22 18:29:59,SiH7
100800,100800,100800,100800,0,1,2025-07-22 20:14:00,2025-07-22 20:14:59,SiH7
100152,100152,100152,100152,0,1,2025-07-24 10:29:00,2025-07-24 10:29:59,SiH7
101852,101852,101852,101852,0,1,2025-07-24 10:37:00,2025-07-24 10:37:59,SiH7
100425,100425,100425,100425,0,1,2025-07-24 11:12:00,2025-07-24 11:12:59,SiH7
99602,99602,99602,99602,0,1,2025-07-24 15:26:00,2025-07-24 15:26:59,SiH7
101121,101121,101121,101121,0,1,2025-07-24 15:51:00,2025-07-24 15:51:59,SiH7
101153,101375,101375,101153,0,4,2025-07-24 17:45:00,2025-07-24 17:45:59,SiH7
101999,102019,102019,101999,0,4,2025-07-24 17:46:00,2025-07-24 17:46:59,SiH7
101852,102408,102408,101820,0,11,2025-07-24 17:47:00,2025-07-24 17:47:59,SiH7
101900,101900,101900,101900,0,1,2025-07-24 17:53:00,2025-07-24 17:53:59,SiH7
101342,101342,101342,101342,0,1,2025-07-24 17:54:00,2025-07-24 17:54:59,SiH7
101221,101221,101221,101221,0,1,2025-07-24 18:40:00,2025-07-24 18:40:59,SiH7
101292,101292,101292,101292,0,1,2025-07-24 19:11:00,2025-07-24 19:11:59,SiH7
101241,101240,101241,101240,0,2,2025-07-24 19:19:00,2025-07-24 19:19:59,SiH7
100471,100471,100471,100471,0,1,2025-07-25 15:49:00,2025-07-25 15:49:59,SiH7
100500,100444,100500,100444,0,2,2025-07-25 16:02:00,2025-07-25 16:02:59,SiH7
100501,100501,100501,100501,0,1,2025-07-25 16:08:00,2025-07-25 16:08:59,SiH7
100653,100653,100653,100653,0,1,2025-07-25 17:14:00,2025-07-25 17:14:59,SiH7
100315,100315,100315,100315,0,1,2025-07-25 17:17:00,2025-07-25 17:17:59,SiH7
100761,100761,100761,100761,0,1,2025-07-25 17:18:00,2025-07-25 17:18:59,SiH7
100476,100495,100495,100476,0,2,2025-07-25 17:19:00,2025-07-25 17:19:59,SiH7
100755,100755,100755,100755,0,1,2025-07-25 17:20:00,2025-07-25 17:20:59,SiH7
100485,100753,100753,100485,0,2,2025-07-25 17:24:00,2025-07-25 17:24:59,SiH7
100485,100751,100751,100485,0,2,2025-07-25 17:26:00,2025-07-25 17:26:59,SiH7
100484,100484,100484,100484,0,1,2025-07-25 17:29:00,2025-07-25 17:29:59,SiH7
100751,100751,100751,100751,0,1,2025-07-25 17:30:00,2025-07-25 17:30:59,SiH7
100485,100485,100485,100485,0,1,2025-07-25 17:31:00,2025-07-25 17:31:59,SiH7
100605,100605,100605,100605,0,1,2025-07-25 17:34:00,2025-07-25 17:34:59,SiH7
100721,100555,100721,100555,0,2,2025-07-25 17:37:00,2025-07-25 17:37:59,SiH7
100721,100554,100721,100554,0,2,2025-07-25 17:41:00,2025-07-25 17:41:59,SiH7
101216,101217,101217,101216,0,2,2025-07-25 21:55:00,2025-07-25 21:55:59,SiH7
101775,101775,101775,101775,0,1,2025-07-25 21:56:00,2025-07-25 21:56:59,SiH7
101532,101532,101532,101532,0,1,2025-07-25 22:02:00,2025-07-25 22:02:59,SiH7
103905,103905,103905,103905,0,1,2025-07-28 17:53:00,2025-07-28 17:53:59,SiH7
103500,103500,103500,103500,0,1,2025-07-28 18:02:00,2025-07-28 18:02:59,SiH7
103000,103000,103000,103000,0,1,2025-07-28 18:07:00,2025-07-28 18:07:59,SiH7
104451,104451,104451,104451,0,1,2025-07-29 10:03:00,2025-07-29 10:03:59,SiH7
104451,104451,104451,104451,0,1,2025-07-29 10:48:00,2025-07-29 10:48:59,SiH7
104000,104000,104000,104000,0,1,2025-07-29 10:49:00,2025-07-29 10:49:59,SiH7
104451,104451,104451,104451,0,1,2025-07-29 10:53:00,2025-07-29 10:53:59,SiH7
104451,104451,104451,104451,0,1,2025-07-29 10:57:00,2025-07-29 10:57:59,SiH7
104451,104451,104451,104451,0,2,2025-07-29 11:47:00,2025-07-29 11:47:59,SiH7
104948,104948,104948,104948,0,1,2025-07-29 11:55:00,2025-07-29 11:55:59,SiH7
104000,104000,104000,104000,0,1,2025-07-29 12:23:00,2025-07-29 12:23:59,SiH7
104000,104000,104000,104000,0,13,2025-07-29 14:54:00,2025-07-29 14:54:59,SiH7
104000,104000,104000,104000,0,1,2025-07-29 22:13:00,2025-07-29 22:13:59,SiH7
104000,104000,104000,104000,0,1,2025-07-29 22:23:00,2025-07-29 22:23:59,SiH7
104000,104000,104000,104000,0,1,2025-07-29 22:24:00,2025-07-29 22:24:59,SiH7
100667,100667,100667,100667,0,8,2025-07-31 11:43:00,2025-07-31 11:43:59,SiH7
101901,101901,101901,101901,0,1,2025-07-31 12:39:00,2025-07-31 12:39:59,SiH7
100987,100987,100987,100987,0,1,2025-07-31 13:36:00,2025-07-31 13:36:59,SiH7
100468,100468,100468,100468,0,1,2025-08-04 09:31:00,2025-08-04 09:31:59,SiH7
100999,101000,101000,100999,0,3,2025-08-04 17:53:00,2025-08-04 17:53:59,SiH7
101000,101000,101000,101000,0,1,2025-08-04 21:17:00,2025-08-04 21:17:59,SiH7
100210,100210,100210,100210,0,1,2025-08-06 22:17:00,2025-08-06 22:17:59,SiH7
100209,100209,100209,100209,0,2,2025-08-06 22:24:00,2025-08-06 22:24:59,SiH7
99750,99235,99750,99235,0,5,2025-08-06 22:37:00,2025-08-06 22:37:59,SiH7
100000,100000,100000,100000,0,2,2025-08-06 22:40:00,2025-08-06 22:40:59,SiH7
100215,100215,100215,100215,0,1,2025-08-06 22:50:00,2025-08-06 22:50:59,SiH7
100453,102641,102641,100453,0,14,2025-08-07 10:29:00,2025-08-07 10:29:59,SiH7
99696,99695,99696,99695,0,7,2025-08-07 14:55:00,2025-08-07 14:55:59,SiH7
101465,101466,101466,101465,0,2,2025-08-07 16:53:00,2025-08-07 16:53:59,SiH7
100706,100660,100706,100660,0,2,2025-08-08 11:04:00,2025-08-08 11:04:59,SiH7
101000,101000,101000,101000,0,1,2025-08-08 13:04:00,2025-08-08 13:04:59,SiH7
100208,100208,100208,100208,0,1,2025-08-11 11:43:00,2025-08-11 11:43:59,SiH7
100207,100200,100207,100200,0,2,2025-08-11 11:44:00,2025-08-11 11:44:59,SiH7
100995,100995,100995,100995,0,1,2025-08-11 13:09:00,2025-08-11 13:09:59,SiH7
100214,100213,100214,100213,0,2,2025-08-11 23:23:00,2025-08-11 23:23:59,SiH7
100610,100610,100610,100610,0,1,2025-08-12 14:45:00,2025-08-12 14:45:59,SiH7
100210,100210,100210,100210,0,1,2025-08-12 18:46:00,2025-08-12 18:46:59,SiH7
100530,100530,100530,100530,0,1,2025-08-13 16:32:00,2025-08-13 16:32:59,SiH7
100148,100148,100148,100148,0,1,2025-08-14 11:08:00,2025-08-14 11:08:59,SiH7
100630,100630,100630,100630,0,1,2025-08-15 15:21:00,2025-08-15 15:21:59,SiH7
100160,100160,100160,100160,0,1,2025-08-15 15:22:00,2025-08-15 15:22:59,SiH7
100028,100027,100028,100027,0,2,2025-08-15 15:27:00,2025-08-15 15:27:59,SiH7
100025,100024,100025,100024,0,2,2025-08-15 15:40:00,2025-08-15 15:40:59,SiH7
100525,100525,100525,100525,0,1,2025-08-15 18:03:00,2025-08-15 18:03:59,SiH7
100525,100525,100525,100525,0,2,2025-08-15 18:04:00,2025-08-15 18:04:59,SiH7
100918,100918,100918,100918,0,1,2025-08-18 09:26:00,2025-08-18 09:26:59,SiH7
101058,101091,101091,101058,0,2,2025-08-18 09:46:00,2025-08-18 09:46:59,SiH7
101120,101120,101120,101120,0,1,2025-08-18 10:47:00,2025-08-18 10:47:59,SiH7
100818,100818,100818,100818,0,3,2025-08-18 10:48:00,2025-08-18 10:48:59,SiH7
100695,100695,100695,100695,0,1,2025-08-18 10:49:00,2025-08-18 10:49:59,SiH7
100111,100000,100111,100000,0,11,2025-08-18 11:56:00,2025-08-18 11:56:59,SiH7
100000,100000,100000,100000,0,1,2025-08-18 13:50:00,2025-08-18 13:50:59,SiH7
100000,100000,100000,100000,0,1,2025-08-18 14:25:00,2025-08-18 14:25:59,SiH7
100000,100000,100000,100000,0,2,2025-08-18 18:29:00,2025-08-18 18:29:59,SiH7
100000,100000,100000,100000,0,1,2025-08-18 18:46:00,2025-08-18 18:46:59,SiH7
99592,99592,99592,99592,0,1,2025-08-19 09:02:00,2025-08-19 09:02:59,SiH7
99419,99419,99419,99419,0,1,2025-08-21 14:10:00,2025-08-21 14:10:59,SiH7
99066,99066,99066,99066,0,2,2025-08-22 14:26:00,2025-08-22 14:26:59,SiH7
99367,99000,99367,99000,0,4,2025-08-22 17:23:00,2025-08-22 17:23:59,SiH7
99000,99000,99000,99000,0,1,2025-08-22 17:27:00,2025-08-22 17:27:59,SiH7
99000,99000,99000,99000,0,2,2025-08-22 17:30:00,2025-08-22 17:30:59,SiH7
99000,99000,99000,99000,0,3,2025-08-22 17:38:00,2025-08-22 17:38:59,SiH7
98912,98912,98912,98912,0,1,2025-08-22 17:40:00,2025-08-22 17:40:59,SiH7
99000,99000,99000,99000,0,1,2025-08-22 17:42:00,2025-08-22 17:42:59,SiH7
99000,99000,99000,99000,0,1,2025-08-22 17:43:00,2025-08-22 17:43:59,SiH7
99000,99000,99000,99000,0,2,2025-08-22 19:08:00,2025-08-22 19:08:59,SiH7
98314,98313,98314,98313,0,2,2025-08-26 12:03:00,2025-08-26 12:03:59,SiH7
98074,98074,98074,98074,0,1,2025-08-26 12:04:00,2025-08-26 12:04:59,SiH7
99990,99990,99990,99990,0,1,2025-08-27 19:55:00,2025-08-27 19:55:59,SiH7
98251,98250,98251,98250,0,3,2025-08-28 20:29:00,2025-08-28 20:29:59,SiH7
98999,98999,98999,98999,0,2,2025-08-29 11:32:00,2025-08-29 11:32:59,SiH7
99242,99242,99242,99242,0,1,2025-09-01 12:37:00,2025-09-01 12:37:59,SiH7
98179,98179,98179,98179,0,1,2025-09-01 13:42:00,2025-09-01 13:42:59,SiH7
98178,98178,98178,98178,0,7,2025-09-01 15:24:00,2025-09-01 15:24:59,SiH7
97999,97999,97999,97999,0,1,2025-09-02 17:50:00,2025-09-02 17:50:59,SiH7
98349,98349,98349,98349,0,1,2025-09-03 10:33:00,2025-09-03 10:33:59,SiH7
98483,98483,98483,98483,0,1,2025-09-03 10:44:00,2025-09-03 10:44:59,SiH7
99174,99174,99174,99174,0,4,2025-09-03 13:41:00,2025-09-03 13:41:59,SiH7
99238,99238,99238,99238,0,2,2025-09-03 14:39:00,2025-09-03 14:39:59,SiH7
99238,99238,99238,99238,0,1,2025-09-05 12:34:00,2025-09-05 12:34:59,SiH7
99298,99298,99298,99298,0,1,2025-09-05 17:40:00,2025-09-05 17:40:59,SiH7
98575,99298,99298,98575,0,3,2025-09-05 19:38:00,2025-09-05 19:38:59,SiH7
100570,100570,100570,100570,0,3,2025-09-08 15:38:00,2025-09-08 15:38:59,SiH7
101000,101000,101000,101000,0,1,2025-09-08 19:58:00,2025-09-08 19:58:59,SiH7
101270,101270,101270,101270,0,1,2025-09-08 22:15:00,2025-09-08 22:15:59,SiH7
101300,101300,101300,101300,0,1,2025-09-08 23:24:00,2025-09-08 23:24:59,SiH7
101100,101100,101100,101100,0,1,2025-09-09 09:26:00,2025-09-09 09:26:59,SiH7
101922,101922,101922,101922,0,1,2025-09-09 12:09:00,2025-09-09 12:09:59,SiH7
102367,102367,102367,102367,0,1,2025-09-09 13:53:00,2025-09-09 13:53:59,SiH7
102720,102720,102720,102720,0,1,2025-09-09 14:10:00,2025-09-09 14:10:59,SiH7
101493,101493,101493,101493,0,1,2025-09-09 15:21:00,2025-09-09 15:21:59,SiH7
101615,101615,101615,101615,0,1,2025-09-09 15:29:00,2025-09-09 15:29:59,SiH7
101421,101421,101421,101421,0,1,2025-09-09 16:25:00,2025-09-09 16:25:59,SiH7
102000,102000,102000,102000,0,1,2025-09-09 17:11:00,2025-09-09 17:11:59,SiH7
103052,103052,103052,103052,0,1,2025-09-09 17:12:00,2025-09-09 17:12:59,SiH7
103079,103079,103079,103079,0,1,2025-09-09 22:36:00,2025-09-09 22:36:59,SiH7
103080,103080,103080,103080,0,1,2025-09-09 23:21:00,2025-09-09 23:21:59,SiH7
103080,103080,103080,103080,0,2,2025-09-10 10:48:00,2025-09-10 10:48:59,SiH7
103087,103087,103087,103087,0,1,2025-09-10 11:49:00,2025-09-10 11:49:59,SiH7
103087,103087,103087,103087,0,1,2025-09-10 12:13:00,2025-09-10 12:13:59,SiH7
103087,103087,103087,103087,0,1,2025-09-10 12:14:00,2025-09-10 12:14:59,SiH7
103087,103087,103087,103087,0,3,2025-09-10 12:15:00,2025-09-10 12:15:59,SiH7
103087,103087,103087,103087,0,2,2025-09-10 12:33:00,2025-09-10 12:33:59,SiH7
103087,103087,103087,103087,0,1,2025-09-10 12:36:00,2025-09-10 12:36:59,SiH7
103087,104027,104027,103087,0,2,2025-09-10 12:37:00,2025-09-10 12:37:59,SiH7
104006,104006,104006,104006,0,1,2025-09-10 19:09:00,2025-09-10 19:09:59,SiH7
104003,104004,104004,104003,0,2,2025-09-10 19:41:00,2025-09-10 19:41:59,SiH7
103004,103004,103004,103004,0,1,2025-09-10 22:50:00,2025-09-10 22:50:59,SiH7
103004,103004,103004,103004,0,1,2025-09-10 22:59:00,2025-09-10 22:59:59,SiH7
104104,104104,104104,104104,0,1,2025-09-10 23:02:00,2025-09-10 23:02:59,SiH7
103700,103700,103700,103700,0,1,2025-09-11 14:12:00,2025-09-11 14:12:59,SiH7
103252,103252,103252,103252,0,1,2025-09-11 16:13:00,2025-09-11 16:13:59,SiH7
103252,103251,103252,103251,0,3,2025-09-11 16:17:00,2025-09-11 16:17:59,SiH7
103001,103000,103001,103000,0,2,2025-09-11 18:38:00,2025-09-11 18:38:59,SiH7
102562,102561,102562,102561,0,2,2025-09-11 20:33:00,2025-09-11 20:33:59,SiH7
102196,102196,102196,102196,0,1,2025-09-12 14:28:00,2025-09-12 14:28:59,SiH7
101016,101016,101016,101016,0,1,2025-09-12 23:44:00,2025-09-12 23:44:59,SiH7
100825,100825,100825,100825,0,1,2025-09-15 13:19:00,2025-09-15 13:19:59,SiH7
101510,101510,101510,101510,0,2,2025-09-16 15:55:00,2025-09-16 15:55:59,SiH7
102018,102018,102018,102018,0,1,2025-09-16 16:28:00,2025-09-16 16:28:59,SiH7
101353,101300,101353,101300,0,6,2025-09-17 13:02:00,2025-09-17 13:02:59,SiH7
102536,102536,102536,102536,0,1,2025-09-18 10:34:00,2025-09-18 10:34:59,SiH7
102667,102667,102667,102667,0,1,2025-09-18 10:58:00,2025-09-18 10:58:59,SiH7
102464,102464,102464,102464,0,1,2025-09-18 11:20:00,2025-09-18 11:20:59,SiH7
102164,102164,102164,102164,0,1,2025-09-18 11:25:00,2025-09-18 11:25:59,SiH7
101708,101708,101708,101708,0,1,2025-09-18 13:38:00,2025-09-18 13:38:59,SiH7
101801,101801,101801,101801,0,1,2025-09-18 17:09:00,2025-09-18 17:09:59,SiH7
102229,102229,102229,102229,0,1,2025-09-18 19:08:00,2025-09-18 19:08:59,SiH7
101990,101990,101990,101990,0,1,2025-09-18 20:03:00,2025-09-18 20:03:59,SiH7
101801,101801,101801,101801,0,1,2025-09-18 20:41:00,2025-09-18 20:41:59,SiH7
102000,102000,102000,102000,0,1,2025-09-18 21:26:00,2025-09-18 21:26:59,SiH7
102100,102100,102100,102100,0,1,2025-09-19 16:05:00,2025-09-19 16:05:59,SiH7
101999,101999,101999,101999,0,2,2025-09-19 16:08:00,2025-09-19 16:08:59,SiH7
101901,101901,101901,101901,0,1,2025-09-19 18:08:00,2025-09-19 18:08:59,SiH7
101102,101102,101102,101102,0,1,2025-09-24 14:39:00,2025-09-24 14:39:59,SiH7
102220,102220,102220,102220,0,1,2025-09-24 20:36:00,2025-09-24 20:36:59,SiH7
100266,100466,100466,100266,0,4,2025-09-29 11:03:00,2025-09-29 11:03:59,SiH7
100258,101128,101128,100258,0,2,2025-09-29 11:04:00,2025-09-29 11:04:59,SiH7
100601,100601,100601,100601,0,1,2025-09-30 13:04:00,2025-09-30 13:04:59,SiH7
100405,100405,100405,100405,0,7,2025-09-30 13:23:00,2025-09-30 13:23:59,SiH7
100550,100550,100550,100550,0,1,2025-09-30 13:44:00,2025-09-30 13:44:59,SiH7
100050,100050,100050,100050,0,1,2025-09-30 22:39:00,2025-09-30 22:39:59,SiH7
100170,100170,100170,100170,0,1,2025-09-30 23:25:00,2025-09-30 23:25:59,SiH7
100150,100150,100150,100150,0,1,2025-09-30 23:27:00,2025-09-30 23:27:59,SiH7
100199,100199,100199,100199,0,1,2025-10-01 09:15:00,2025-10-01 09:15:59,SiH7
99573,99573,99573,99573,0,1,2025-10-01 11:37:00,2025-10-01 11:37:59,SiH7
99550,99550,99550,99550,0,1,2025-10-01 15:56:00,2025-10-01 15:56:59,SiH7
99300,99100,99300,99100,0,3,2025-10-01 16:20:00,2025-10-01 16:20:59,SiH7
99649,99649,99649,99649,0,1,2025-10-01 17:09:00,2025-10-01 17:09:59,SiH7
99940,99940,99940,99940,0,1,2025-10-02 10:25:00,2025-10-02 10:25:59,SiH7
99839,99839,99839,99839,0,1,2025-10-02 11:07:00,2025-10-02 11:07:59,SiH7
99831,99831,99831,99831,0,1,2025-10-02 12:17:00,2025-10-02 12:17:59,SiH7
99101,99101,99101,99101,0,1,2025-10-02 14:28:00,2025-10-02 14:28:59,SiH7
98950,98950,98950,98950,0,1,2025-10-02 15:43:00,2025-10-02 15:43:59,SiH7
99000,99000,99000,99000,0,1,2025-10-02 16:02:00,2025-10-02 16:02:59,SiH7
98441,98441,98441,98441,0,1,2025-10-02 19:24:00,2025-10-02 19:24:59,SiH7
99560,99560,99560,99560,0,1,2025-10-03 10:15:00,2025-10-03 10:15:59,SiH7
99756,99756,99756,99756,0,1,2025-10-03 10:32:00,2025-10-03 10:32:59,SiH7
99756,99757,99757,99756,0,2,2025-10-03 10:38:00,2025-10-03 10:38:59,SiH7
100813,100813,100813,100813,0,1,2025-10-06 10:41:00,2025-10-06 10:41:59,SiH7
100721,100721,100721,100721,0,1,2025-10-06 16:11:00,2025-10-06 16:11:59,SiH7
100549,100549,100549,100549,0,1,2025-10-08 12:16:00,2025-10-08 12:16:59,SiH7
100349,100349,100349,100349,0,1,2025-10-08 14:51:00,2025-10-08 14:51:59,SiH7
99470,99470,99470,99470,0,1,2025-10-08 16:04:00,2025-10-08 16:04:59,SiH7
99894,99894,99894,99894,0,1,2025-10-09 10:16:00,2025-10-09 10:16:59,SiH7
99622,99622,99622,99622,0,1,2025-10-09 13:12:00,2025-10-09 13:12:59,SiH7
100475,100475,100475,100475,0,1,2025-10-09 17:44:00,2025-10-09 17:44:59,SiH7
99316,99316,99316,99316,0,1,2025-10-10 10:42:00,2025-10-10 10:42:59,SiH7
99243,99235,99243,99235,0,2,2025-10-10 11:41:00,2025-10-10 11:41:59,SiH7
99902,99902,99902,99902,0,1,2025-10-10 23:46:00,2025-10-10 23:46:59,SiH7
98500,98500,98500,98500,0,1,2025-10-13 11:44:00,2025-10-13 11:44:59,SiH7
98846,98846,98846,98846,0,1,2025-10-13 14:44:00,2025-10-13 14:44:59,SiH7
98600,98600,98600,98600,0,1,2025-10-13 15:09:00,2025-10-13 15:09:59,SiH7
98001,98000,98001,98000,0,6,2025-10-13 17:38:00,2025-10-13 17:38:59,SiH7
98100,98000,98100,98000,0,9,2025-10-13 18:09:00,2025-10-13 18:09:59,SiH7
97800,97800,97800,97800,0,1,2025-10-13 19:20:00,2025-10-13 19:20:59,SiH7
97389,97389,97389,97389,0,1,2025-10-13 19:24:00,2025-10-13 19:24:59,SiH7
98176,98176,98176,98176,0,1,2025-10-13 23:05:00,2025-10-13 23:05:59,SiH7
98154,98154,98154,98154,0,1,2025-10-14 09:08:00,2025-10-14 09:08:59,SiH7
97401,97401,97401,97401,0,1,2025-10-14 10:02:00,2025-10-14 10:02:59,SiH7
97401,97401,97401,97401,0,1,2025-10-14 10:03:00,2025-10-14 10:03:59,SiH7
97400,97400,97400,97400,0,1,2025-10-14 10:16:00,2025-10-14 10:16:59,SiH7
97334,97333,97334,97333,0,3,2025-10-14 10:54:00,2025-10-14 10:54:59,SiH7
97273,97273,97273,97273,0,1,2025-10-14 10:57:00,2025-10-14 10:57:59,SiH7
97076,97076,97076,97076,0,2,2025-10-14 11:00:00,2025-10-14 11:00:59,SiH7
97401,97401,97401,97401,0,1,2025-10-14 18:13:00,2025-10-14 18:13:59,SiH7
97176,97176,97176,97176,0,1,2025-10-14 18:15:00,2025-10-14 18:15:59,SiH7
97000,97000,97000,97000,0,2,2025-10-14 18:49:00,2025-10-14 18:49:59,SiH7
96755,96755,96755,96755,0,1,2025-10-15 09:35:00,2025-10-15 09:35:59,SiH7
96700,96700,96700,96700,0,1,2025-10-15 10:06:00,2025-10-15 10:06:59,SiH7
96146,96146,96500,96146,0,4,2025-10-15 10:11:00,2025-10-15 10:11:59,SiH7
96115,96043,96115,96043,0,2,2025-10-15 10:12:00,2025-10-15 10:12:59,SiH7
95128,95128,95128,95128,0,1,2025-10-15 11:08:00,2025-10-15 11:08:59,SiH7
96000,96000,96000,96000,0,1,2025-10-15 11:30:00,2025-10-15 11:30:59,SiH7
96880,96880,96880,96880,0,1,2025-10-15 14:51:00,2025-10-15 14:51:59,SiH7
95301,95300,95301,95300,0,3,2025-10-16 09:20:00,2025-10-16 09:20:59,SiH7
95296,95296,95296,95296,0,1,2025-10-16 09:21:00,2025-10-16 09:21:59,SiH7
94834,94834,94834,94834,0,1,2025-10-16 09:47:00,2025-10-16 09:47:59,SiH7
96249,96250,96250,96249,0,14,2025-10-16 10:09:00,2025-10-16 10:09:59,SiH7
97289,97289,97289,97289,0,1,2025-10-16 10:33:00,2025-10-16 10:33:59,SiH7
95673,95673,95673,95673,0,1,2025-10-16 11:38:00,2025-10-16 11:38:59,SiH7
96737,96737,96737,96737,0,1,2025-10-16 12:04:00,2025-10-16 12:04:59,SiH7
97264,97264,97264,97264,0,1,2025-10-16 15:21:00,2025-10-16 15:21:59,SiH7
97299,97300,97300,97299,0,3,2025-10-16 15:47:00,2025-10-16 15:47:59,SiH7
97337,97337,97337,97337,0,2,2025-10-16 17:03:00,2025-10-16 17:03:59,SiH7
97337,97337,97337,97337,0,1,2025-10-16 17:04:00,2025-10-16 17:04:59,SiH7
97221,97220,97221,97220,0,2,2025-10-16 17:36:00,2025-10-16 17:36:59,SiH7
97185,97185,97185,97185,0,1,2025-10-17 19:57:00,2025-10-17 19:57:59,SiH7
97185,97185,97185,97185,0,1,2025-10-20 13:05:00,2025-10-20 13:05:59,SiH7
98147,98148,98148,98147,0,13,2025-10-21 18:18:00,2025-10-21 18:18:59,SiH7
97822,97822,97822,97822,0,3,2025-10-22 10:34:00,2025-10-22 10:34:59,SiH7
97966,97966,97966,97966,0,1,2025-10-22 10:40:00,2025-10-22 10:40:59,SiH7
97966,97966,97966,97966,0,1,2025-10-22 11:00:00,2025-10-22 11:00:59,SiH7
97966,97966,97966,97966,0,1,2025-10-22 11:05:00,2025-10-22 11:05:59,SiH7
96667,96667,96667,96667,0,1,2025-10-22 13:37:00,2025-10-22 13:37:59,SiH7
96667,96667,96667,96667,0,1,2025-10-22 13:38:00,2025-10-22 13:38:59,SiH7
96256,96255,96256,96255,0,3,2025-10-22 14:09:00,2025-10-22 14:09:59,SiH7
97904,97904,97904,97904,0,2,2025-10-22 15:33:00,2025-10-22 15:33:59,SiH7
97000,97000,97000,97000,0,5,2025-10-22 17:38:00,2025-10-22 17:38:59,SiH7
96999,97000,97000,96999,0,15,2025-10-22 18:34:00,2025-10-22 18:34:59,SiH7
97886,97886,97886,97886,0,1,2025-10-22 23:10:00,2025-10-22 23:10:59,SiH7
97882,97882,97882,97882,0,2,2025-10-22 23:11:00,2025-10-22 23:11:59,SiH7
97957,97957,97957,97957,0,2,2025-10-23 09:11:00,2025-10-23 09:11:59,SiH7
98348,98352,98352,98348,0,4,2025-10-23 10:02:00,2025-10-23 10:02:59,SiH7
97432,97431,97432,97431,0,3,2025-10-23 11:03:00,2025-10-23 11:03:59,SiH7
97819,98625,98625,97819,0,6,2025-10-23 13:23:00,2025-10-23 13:23:59,SiH7
97612,97612,97612,97612,0,1,2025-10-23 16:29:00,2025-10-23 16:29:59,SiH7
97532,97532,97532,97532,0,2,2025-10-23 18:18:00,2025-10-23 18:18:59,SiH7
98289,98289,98289,98289,0,2,2025-10-23 18:29:00,2025-10-23 18:29:59,SiH7
97582,97582,97582,97582,0,1,2025-10-23 19:58:00,2025-10-23 19:58:59,SiH7
97492,97492,97492,97492,0,1,2025-10-23 21:11:00,2025-10-23 21:11:59,SiH7
96803,96803,96803,96803,0,1,2025-10-24 12:12:00,2025-10-24 12:12:59,SiH7
96800,96800,96800,96800,0,1,2025-10-24 12:37:00,2025-10-24 12:37:59,SiH7
96152,96152,96152,96152,0,1,2025-10-24 12:39:00,2025-10-24 12:39:59,SiH7
96000,96000,96000,96000,0,5,2025-10-24 13:29:00,2025-10-24 13:29:59,SiH7
95523,95039,95523,95039,0,5,2025-10-24 15:09:00,2025-10-24 15:09:59,SiH7
95040,95040,95040,95040,0,1,2025-10-24 16:15:00,2025-10-24 16:15:59,SiH7
95040,95000,95040,95000,0,3,2025-10-24 16:17:00,2025-10-24 16:17:59,SiH7
94512,94512,94512,94512,0,1,2025-10-24 16:28:00,2025-10-24 16:28:59,SiH7
94513,94513,94513,94513,0,1,2025-10-24 16:34:00,2025-10-24 16:34:59,SiH7
94514,94511,94514,94511,0,5,2025-10-24 16:41:00,2025-10-24 16:41:59,SiH7
94200,94200,94200,94200,0,1,2025-10-24 16:56:00,2025-10-24 16:56:59,SiH7
94202,94200,94202,94200,0,3,2025-10-24 19:47:00,2025-10-24 19:47:59,SiH7
94655,94655,94655,94655,0,1,2025-10-27 10:12:00,2025-10-27 10:12:59,SiH7
94670,94670,94670,94670,0,1,2025-10-27 10:13:00,2025-10-27 10:13:59,SiH7
94499,94499,94499,94499,0,2,2025-10-27 10:24:00,2025-10-27 10:24:59,SiH7
94500,94500,94500,94500,0,1,2025-10-27 10:55:00,2025-10-27 10:55:59,SiH7
94500,94500,94500,94500,0,1,2025-10-27 11:22:00,2025-10-27 11:22:59,SiH7
94000,94000,94000,94000,0,1,2025-10-27 11:29:00,2025-10-27 11:29:59,SiH7
94001,94001,94001,94001,0,1,2025-10-27 11:30:00,2025-10-27 11:30:59,SiH7
94000,94000,94000,94000,0,1,2025-10-27 12:24:00,2025-10-27 12:24:59,SiH7
95776,95776,95776,95776,0,1,2025-10-27 20:32:00,2025-10-27 20:32:59,SiH7
94950,94950,94950,94950,0,1,2025-10-28 11:26:00,2025-10-28 11:26:59,SiH7
95000,95000,95000,95000,0,1,2025-10-28 12:56:00,2025-10-28 12:56:59,SiH7
95000,95000,95000,95000,0,2,2025-10-28 12:59:00,2025-10-28 12:59:59,SiH7
95000,95000,95000,95000,0,2,2025-10-28 13:03:00,2025-10-28 13:03:59,SiH7
94814,94814,94814,94814,0,1,2025-10-30 20:45:00,2025-10-30 20:45:59,SiH7
95171,95171,95171,95171,0,1,2025-10-31 11:26:00,2025-10-31 11:26:59,SiH7
95957,95957,95957,95957,0,3,2025-10-31 17:13:00,2025-10-31 17:13:59,SiH7
95728,95729,95729,95728,0,10,2025-10-31 17:40:00,2025-10-31 17:40:59,SiH7
95702,95700,95702,95700,0,5,2025-10-31 17:46:00,2025-10-31 17:46:59,SiH7
96410,96422,96422,96410,0,2,2025-10-31 17:48:00,2025-10-31 17:48:59,SiH7
95981,95980,95981,95980,0,3,2025-10-31 18:06:00,2025-10-31 18:06:59,SiH7
95920,95920,95920,95920,0,2,2025-10-31 19:37:00,2025-10-31 19:37:59,SiH7
95920,95920,95920,95920,0,1,2025-10-31 20:07:00,2025-10-31 20:07:59,SiH7
95221,95221,95221,95221,0,2,2025-11-03 12:53:00,2025-11-03 12:53:59,SiH7
95197,95197,95197,95197,0,1,2025-11-03 12:54:00,2025-11-03 12:54:59,SiH7
95113,95120,95120,95113,0,2,2025-11-03 14:17:00,2025-11-03 14:17:59,SiH7
95708,95707,95708,95707,0,2,2025-11-03 14:49:00,2025-11-03 14:49:59,SiH7
95607,95607,95607,95607,0,2,2025-11-05 10:50:00,2025-11-05 10:50:59,SiH7
95607,95607,95607,95607,0,1,2025-11-05 10:51:00,2025-11-05 10:51:59,SiH7
96637,96638,96638,96637,0,2,2025-11-05 12:17:00,2025-11-05 12:17:59,SiH7
96800,96800,96800,96800,0,1,2025-11-05 23:22:00,2025-11-05 23:22:59,SiH7
95865,95865,95865,95865,0,3,2025-11-07 13:02:00,2025-11-07 13:02:59,SiH7
95748,95748,95748,95748,0,3,2025-11-07 13:04:00,2025-11-07 13:04:59,SiH7
95288,95288,95288,95288,0,4,2025-11-07 13:11:00,2025-11-07 13:11:59,SiH7
95288,95288,95288,95288,0,1,2025-11-07 13:12:00,2025-11-07 13:12:59,SiH7
95799,95799,95799,95799,0,6,2025-11-07 13:25:00,2025-11-07 13:25:59,SiH7
95945,95946,95946,95945,0,2,2025-11-07 13:30:00,2025-11-07 13:30:59,SiH7
94999,94999,94999,94999,0,2,2025-11-07 17:27:00,2025-11-07 17:27:59,SiH7
94999,94999,94999,94999,0,1,2025-11-07 17:28:00,2025-11-07 17:28:59,SiH7
94912,94912,94912,94912,0,2,2025-11-07 17:30:00,2025-11-07 17:30:59,SiH7
95077,95077,95077,95077,0,1,2025-11-07 23:30:00,2025-11-07 23:30:59,SiH7
96000,96000,96000,96000,0,1,2025-11-10 20:29:00,2025-11-10 20:29:59,SiH7
96153,96153,96153,96153,0,4,2025-11-11 23:20:00,2025-11-11 23:20:59,SiH7
95378,95378,95378,95378,0,1,2025-11-12 13:27:00,2025-11-12 13:27:59,SiH7
95067,95067,95067,95067,0,1,2025-11-12 15:14:00,2025-11-12 15:14:59,SiH7
95067,95067,95067,95067,0,1,2025-11-12 15:16:00,2025-11-12 15:16:59,SiH7
95453,95453,95453,95453,0,1,2025-11-12 22:25:00,2025-11-12 22:25:59,SiH7
94753,94753,94753,94753,0,1,2025-11-12 22:31:00,2025-11-12 22:31:59,SiH7
94700,94700,94700,94700,0,1,2025-11-13 12:02:00,2025-11-13 12:02:59,SiH7
94900,94900,94900,94900,0,1,2025-11-13 14:18:00,2025-11-13 14:18:59,SiH7
94900,94900,94900,94900,0,2,2025-11-13 18:18:00,2025-11-13 18:18:59,SiH7
94900,94900,94900,94900,0,1,2025-11-13 18:19:00,2025-11-13 18:19:59,SiH7
95099,95100,95100,95099,0,3,2025-11-13 18:22:00,2025-11-13 18:22:59,SiH7
94999,94999,94999,94999,0,1,2025-11-13 18:28:00,2025-11-13 18:28:59,SiH7
96300,96300,96300,96300,0,1,2025-11-14 09:47:00,2025-11-14 09:47:59,SiH7
95925,95925,95925,95925,0,1,2025-11-14 23:29:00,2025-11-14 23:29:59,SiH7
96100,96100,96100,96100,0,5,2025-11-17 14:58:00,2025-11-17 14:58:59,SiH7
94995,94995,94995,94995,0,2,2025-11-18 18:39:00,2025-11-18 18:39:59,SiH7
94968,94914,94968,94914,0,3,2025-11-18 18:40:00,2025-11-18 18:40:59,SiH7
95090,95089,95090,95089,0,2,2025-11-18 18:43:00,2025-11-18 18:43:59,SiH7
94801,94801,94801,94801,0,1,2025-11-18 23:29:00,2025-11-18 23:29:59,SiH7
94801,94801,94801,94801,0,1,2025-11-18 23:30:00,2025-11-18 23:30:59,SiH7
94518,94518,94518,94518,0,1,2025-11-19 10:44:00,2025-11-19 10:44:59,SiH7
94601,94601,94601,94601,0,2,2025-11-19 13:33:00,2025-11-19 13:33:59,SiH7
93910,93910,93910,93910,0,1,2025-11-19 15:56:00,2025-11-19 15:56:59,SiH7
94001,94001,94001,94001,0,1,2025-11-19 16:03:00,2025-11-19 16:03:59,SiH7
94400,94400,94400,94400,0,1,2025-11-19 18:10:00,2025-11-19 18:10:59,SiH7
94346,94346,94346,94346,0,1,2025-11-19 18:40:00,2025-11-19 18:40:59,SiH7
94809,94809,94809,94809,0,1,2025-11-19 21:49:00,2025-11-19 21:49:59,SiH7
94100,94100,94100,94100,0,1,2025-11-20 17:01:00,2025-11-20 17:01:59,SiH7
94023,94023,94023,94023,0,1,2025-11-20 17:15:00,2025-11-20 17:15:59,SiH7
94000,94000,94000,94000,0,1,2025-11-20 17:31:00,2025-11-20 17:31:59,SiH7
94176,94176,94176,94176,0,1,2025-11-20 20:55:00,2025-11-20 20:55:59,SiH7
94177,94177,94177,94177,0,2,2025-11-20 20:56:00,2025-11-20 20:56:59,SiH7
94000,94000,94000,94000,0,1,2025-11-20 21:01:00,2025-11-20 21:01:59,SiH7
94331,94331,94331,94331,0,1,2025-11-20 22:18:00,2025-11-20 22:18:59,SiH7
93117,93117,93117,93117,0,1,2025-11-20 23:13:00,2025-11-20 23:13:59,SiH7
93303,93217,93303,93217,0,2,2025-11-21 10:19:00,2025-11-21 10:19:59,SiH7
93217,93217,93217,93217,0,1,2025-11-21 10:25:00,2025-11-21 10:25:59,SiH7
93541,93541,93541,93541,0,1,2025-11-21 10:45:00,2025-11-21 10:45:59,SiH7
93000,93000,93000,93000,0,2,2025-11-21 11:42:00,2025-11-21 11:42:59,SiH7
93815,93815,93815,93815,0,1,2025-11-21 18:01:00,2025-11-21 18:01:59,SiH7
93702,93702,93702,93702,0,2,2025-11-21 22:13:00,2025-11-21 22:13:59,SiH7
93702,93702,93702,93702,0,4,2025-11-21 22:25:00,2025-11-21 22:25:59,SiH7
93721,93721,93721,93721,0,1,2025-11-21 23:00:00,2025-11-21 23:00:59,SiH7
93003,92968,93003,92968,0,2,2025-11-24 12:29:00,2025-11-24 12:29:59,SiH7
92912,92911,92912,92911,0,2,2025-11-24 12:30:00,2025-11-24 12:30:59,SiH7
92500,92450,92500,92020,0,4,2025-11-24 13:56:00,2025-11-24 13:56:59,SiH7
93099,93099,93099,93099,0,1,2025-11-24 13:57:00,2025-11-24 13:57:59,SiH7
93000,93000,93000,93000,0,1,2025-11-24 14:21:00,2025-11-24 14:21:59,SiH7
92700,92700,92700,92700,0,1,2025-11-24 20:39:00,2025-11-24 20:39:59,SiH7
92601,92601,92601,92601,0,3,2025-11-24 20:40:00,2025-11-24 20:40:59,SiH7
92081,92081,92081,92081,0,1,2025-11-24 23:31:00,2025-11-24 23:31:59,SiH7
92901,92901,92901,92901,0,5,2025-11-25 15:14:00,2025-11-25 15:14:59,SiH7
92900,92900,92900,92900,0,8,2025-11-25 15:32:00,2025-11-25 15:32:59,SiH7
92092,92092,92092,92092,0,1,2025-11-25 20:00:00,2025-11-25 20:00:59,SiH7
92899,92899,92899,92899,0,2,2025-11-25 20:19:00,2025-11-25 20:19:59,SiH7
92249,92249,92249,92249,0,2,2025-11-25 23:30:00,2025-11-25 23:30:59,SiH7
92000,92000,92000,92000,0,1,2025-11-28 16:28:00,2025-11-28 16:28:59,SiH7
91249,91249,91249,91249,0,1,2025-11-28 17:22:00,2025-11-28 17:22:59,SiH7
92050,92050,92050,92050,0,1,2025-11-28 17:57:00,2025-11-28 17:57:59,SiH7
92054,92054,92054,92054,0,1,2025-11-28 18:25:00,2025-11-28 18:25:59,SiH7
92186,92186,92186,92186,0,1,2025-12-01 09:57:00,2025-12-01 09:57:59,SiH7
92000,92000,92000,92000,0,1,2025-12-01 13:32:00,2025-12-01 13:32:59,SiH7
92045,92046,92046,92045,0,2,2025-12-01 16:44:00,2025-12-01 16:44:59,SiH7
91500,91500,91500,91500,0,2,2025-12-01 16:46:00,2025-12-01 16:46:59,SiH7
91499,91499,91499,91499,0,1,2025-12-01 20:03:00,2025-12-01 20:03:59,SiH7
91000,91000,91000,91000,0,2,2025-12-02 14:40:00,2025-12-02 14:40:59,SiH7
91000,91000,91000,91000,0,7,2025-12-02 16:20:00,2025-12-02 16:20:59,SiH7
91000,91000,91000,91000,0,1,2025-12-02 16:21:00,2025-12-02 16:21:59,SiH7
91000,91000,91000,91000,0,2,2025-12-02 16:30:00,2025-12-02 16:30:59,SiH7
90881,90881,90881,90881,0,3,2025-12-02 17:27:00,2025-12-02 17:27:59,SiH7
91000,91000,91000,91000,0,10,2025-12-02 18:09:00,2025-12-02 18:09:59,SiH7
91892,90791,91892,90791,0,5,2025-12-02 18:25:00,2025-12-02 18:25:59,SiH7
90771,90771,90771,90771,0,1,2025-12-03 12:40:00,2025-12-03 12:40:59,SiH7
90770,90770,90770,90770,0,1,2025-12-03 12:42:00,2025-12-03 12:42:59,SiH7
91217,91217,91217,91217,0,1,2025-12-03 13:28:00,2025-12-03 13:28:59,SiH7
90503,90503,90503,90503,0,10,2025-12-03 18:09:00,2025-12-03 18:09:59,SiH7
90500,90500,90500,90500,0,1,2025-12-03 18:10:00,2025-12-03 18:10:59,SiH7
89931,89931,89931,89931,0,9,2025-12-03 18:11:00,2025-12-03 18:11:59,SiH7
90000,90000,90000,90000,0,1,2025-12-03 18:16:00,2025-12-03 18:16:59,SiH7
89926,89027,89926,89027,0,10,2025-12-03 18:23:00,2025-12-03 18:23:59,SiH7
89041,90250,90250,89040,0,11,2025-12-03 18:25:00,2025-12-03 18:25:59,SiH7
89400,89449,89449,89400,0,6,2025-12-03 18:29:00,2025-12-03 18:29:59,SiH7
89145,89144,89145,89144,0,10,2025-12-03 19:12:00,2025-12-03 19:12:59,SiH7
90479,90479,90479,90479,0,5,2025-12-03 19:13:00,2025-12-03 19:13:59,SiH7
90000,90000,90000,90000,0,1,2025-12-03 19:15:00,2025-12-03 19:15:59,SiH7
89800,89800,89800,89800,0,1,2025-12-03 19:19:00,2025-12-03 19:19:59,SiH7
89887,89887,89887,89887,0,1,2025-12-03 20:13:00,2025-12-03 20:13:59,SiH7
89799,89799,89799,89799,0,1,2025-12-03 20:58:00,2025-12-03 20:58:59,SiH7
89620,89620,89620,89620,0,1,2025-12-04 10:01:00,2025-12-04 10:01:59,SiH7
88879,88879,88879,88879,0,1,2025-12-04 12:28:00,2025-12-04 12:28:59,SiH7
89652,89690,89690,89652,0,2,2025-12-04 16:01:00,2025-12-04 16:01:59,SiH7
89690,89690,89690,89690,0,1,2025-12-04 16:50:00,2025-12-04 16:50:59,SiH7
89199,89199,89199,89199,0,10,2025-12-04 17:15:00,2025-12-04 17:15:59,SiH7
89003,89199,89199,89003,0,6,2025-12-04 17:18:00,2025-12-04 17:18:59,SiH7
89000,88446,89000,88446,0,17,2025-12-04 17:19:00,2025-12-04 17:19:59,SiH7
88999,88999,88999,88999,0,5,2025-12-04 17:20:00,2025-12-04 17:20:59,SiH7
88999,88999,88999,88999,0,6,2025-12-04 17:21:00,2025-12-04 17:21:59,SiH7
89300,89300,89300,89300,0,1,2025-12-04 17:32:00,2025-12-04 17:32:59,SiH7
89446,89447,89447,89446,0,4,2025-12-04 17:33:00,2025-12-04 17:33:59,SiH7
88701,88701,88701,88701,0,1,2025-12-04 19:35:00,2025-12-04 19:35:59,SiH7
88701,88701,88701,88701,0,1,2025-12-04 19:50:00,2025-12-04 19:50:59,SiH7
88700,88700,88700,88700,0,1,2025-12-04 20:00:00,2025-12-04 20:00:59,SiH7
88471,88471,88471,88471,0,1,2025-12-04 20:17:00,2025-12-04 20:17:59,SiH7
88470,88470,88470,88470,0,1,2025-12-04 20:22:00,2025-12-04 20:22:59,SiH7
88470,88470,88470,88470,0,2,2025-12-04 21:31:00,2025-12-04 21:31:59,SiH7
88470,88470,88470,88470,0,1,2025-12-04 21:37:00,2025-12-04 21:37:59,SiH7
89442,89442,89442,89442,0,1,2025-12-04 23:43:00,2025-12-04 23:43:59,SiH7
88300,88300,88300,88300,0,1,2025-12-05 09:34:00,2025-12-05 09:34:59,SiH7
88300,88300,88300,88300,0,1,2025-12-05 09:55:00,2025-12-05 09:55:59,SiH7
89499,89499,89499,89499,0,2,2025-12-05 10:24:00,2025-12-05 10:24:59,SiH7
88802,88802,88802,88802,0,1,2025-12-05 10:49:00,2025-12-05 10:49:59,SiH7
89497,89500,89500,89497,0,6,2025-12-05 13:53:00,2025-12-05 13:53:59,SiH7
89434,89434,89434,89434,0,4,2025-12-05 17:24:00,2025-12-05 17:24:59,SiH7
89218,89202,89218,89202,0,2,2025-12-05 17:44:00,2025-12-05 17:44:59,SiH7
89945,89945,89945,89945,0,1,2025-12-05 23:44:00,2025-12-05 23:44:59,SiH7
89798,89798,89798,89798,0,5,2025-12-08 10:45:00,2025-12-08 10:45:59,SiH7
89783,89783,89783,89783,0,4,2025-12-08 12:26:00,2025-12-08 12:26:59,SiH7
89001,89001,89001,89001,0,2,2025-12-08 16:00:00,2025-12-08 16:00:59,SiH7
88490,88490,88490,88490,0,10,2025-12-08 17:40:00,2025-12-08 17:40:59,SiH7
89700,89700,89700,89700,0,1,2025-12-08 20:35:00,2025-12-08 20:35:59,SiH7
88854,88854,88854,88854,0,1,2025-12-09 13:23:00,2025-12-09 13:23:59,SiH7
89401,89400,89401,89400,0,3,2025-12-09 16:41:00,2025-12-09 16:41:59,SiH7
89899,89899,89899,89899,0,1,2025-12-09 17:41:00,2025-12-09 17:41:59,SiH7
89501,89501,89501,89501,0,3,2025-12-09 17:49:00,2025-12-09 17:49:59,SiH7
89501,89501,89501,89501,0,1,2025-12-09 17:50:00,2025-12-09 17:50:59,SiH7
89900,89900,89900,89900,0,1,2025-12-09 18:11:00,2025-12-09 18:11:59,SiH7
90099,90099,90099,90099,0,1,2025-12-09 18:35:00,2025-12-09 18:35:59,SiH7
89766,89766,89766,89766,0,1,2025-12-09 19:27:00,2025-12-09 19:27:59,SiH7
89707,89707,89707,89707,0,1,2025-12-09 19:56:00,2025-12-09 19:56:59,SiH7
89702,89702,89702,89702,0,1,2025-12-09 21:10:00,2025-12-09 21:10:59,SiH7
89186,89186,89186,89186,0,1,2025-12-10 11:59:00,2025-12-10 11:59:59,SiH7
90205,90429,90429,90205,0,6,2025-12-10 13:59:00,2025-12-10 13:59:59,SiH7
89999,89999,89999,89999,0,1,2025-12-10 15:01:00,2025-12-10 15:01:59,SiH7
89869,89868,89869,89868,0,4,2025-12-10 15:12:00,2025-12-10 15:12:59,SiH7
89799,89799,89799,89799,0,1,2025-12-10 15:29:00,2025-12-10 15:29:59,SiH7
89800,89800,89800,89800,0,1,2025-12-10 15:36:00,2025-12-10 15:36:59,SiH7
90248,90700,90714,90248,0,11,2025-12-10 15:59:00,2025-12-10 15:59:59,SiH7
90193,90193,90193,90193,0,2,2025-12-10 16:03:00,2025-12-10 16:03:59,SiH7
90242,90493,90493,90242,0,3,2025-12-10 16:04:00,2025-12-10 16:04:59,SiH7
90342,90342,90342,90342,0,1,2025-12-10 16:05:00,2025-12-10 16:05:59,SiH7
90300,90300,90300,90300,0,3,2025-12-10 16:07:00,2025-12-10 16:07:59,SiH7
90509,90509,90509,90509,0,1,2025-12-10 16:15:00,2025-12-10 16:15:59,SiH7
90810,90810,90810,90810,0,2,2025-12-10 16:38:00,2025-12-10 16:38:59,SiH7
90810,90810,90810,90810,0,1,2025-12-10 16:40:00,2025-12-10 16:40:59,SiH7
90609,91368,91368,90609,0,10,2025-12-10 17:50:00,2025-12-10 17:50:59,SiH7
92090,92090,92090,92090,0,1,2025-12-10 19:12:00,2025-12-10 19:12:59,SiH7
91300,91201,91300,91201,0,4,2025-12-10 19:19:00,2025-12-10 19:19:59,SiH7
90998,90998,90998,90998,0,1,2025-12-10 20:30:00,2025-12-10 20:30:59,SiH7
92002,92086,92086,92002,0,7,2025-12-10 21:39:00,2025-12-10 21:39:59,SiH7
91379,91379,91379,91379,0,1,2025-12-10 22:04:00,2025-12-10 22:04:59,SiH7
91060,91060,91060,91060,0,1,2025-12-11 11:05:00,2025-12-11 11:05:59,SiH7
92060,92475,92475,92060,0,5,2025-12-11 11:15:00,2025-12-11 11:15:59,SiH7
92475,92758,92758,92475,0,5,2025-12-11 11:25:00,2025-12-11 11:25:59,SiH7
92751,92752,92752,92751,0,6,2025-12-11 14:15:00,2025-12-11 14:15:59,SiH7
92112,92112,92112,92112,0,1,2025-12-11 15:58:00,2025-12-11 15:58:59,SiH7
92363,92363,92363,92363,0,1,2025-12-11 17:45:00,2025-12-11 17:45:59,SiH7
92363,92363,92363,92363,0,3,2025-12-11 17:47:00,2025-12-11 17:47:59,SiH7
92189,92189,92189,92189,0,2,2025-12-11 18:49:00,2025-12-11 18:49:59,SiH7
92065,92065,92065,92065,0,3,2025-12-11 21:24:00,2025-12-11 21:24:59,SiH7
92497,92497,92497,92497,0,1,2025-12-11 21:31:00,2025-12-11 21:31:59,SiH7
93076,93076,93076,93076,0,1,2025-12-12 12:02:00,2025-12-12 12:02:59,SiH7
92479,92479,92479,92479,0,1,2025-12-12 12:39:00,2025-12-12 12:39:59,SiH7
92580,92580,92580,92580,0,1,2025-12-12 13:41:00,2025-12-12 13:41:59,SiH7
92400,92400,92400,92400,0,2,2025-12-12 14:11:00,2025-12-12 14:11:59,SiH7
91301,91301,91301,91301,0,1,2025-12-15 14:26:00,2025-12-15 14:26:59,SiH7
92495,92495,92495,92495,0,2,2025-12-15 15:55:00,2025-12-15 15:55:59,SiH7
92495,92495,92495,92495,0,1,2025-12-15 15:56:00,2025-12-15 15:56:59,SiH7
92702,92702,92702,92702,0,6,2025-12-16 15:28:00,2025-12-16 15:28:59,SiH7
92702,92702,92702,92702,0,1,2025-12-17 17:34:00,2025-12-17 17:34:59,SiH7
92420,92420,92420,92420,0,2,2025-12-17 17:55:00,2025-12-17 17:55:59,SiH7
93234,93234,93234,93234,0,2,2025-12-17 18:48:00,2025-12-17 18:48:59,SiH7
92413,92413,92413,92413,0,6,2025-12-18 17:09:00,2025-12-18 17:09:59,SiH7
93913,93913,93913,93913,0,1,2025-12-18 20:17:00,2025-12-18 20:17:59,SiH7
93913,93913,93913,93913,0,1,2025-12-18 20:18:00,2025-12-18 20:18:59,SiH7
93800,93800,93800,93800,0,1,2025-12-18 20:24:00,2025-12-18 20:24:59,SiH7
93601,93601,93601,93601,0,7,2025-12-18 20:25:00,2025-12-18 20:25:59,SiH7
93502,93502,93502,93502,0,1,2025-12-18 20:28:00,2025-12-18 20:28:59,SiH7
93502,93502,93502,93502,0,1,2025-12-18 20:30:00,2025-12-18 20:30:59,SiH7
93327,93327,93327,93327,0,3,2025-12-18 21:31:00,2025-12-18 21:31:59,SiH7
94376,94376,94376,94376,0,1,2025-12-19 10:51:00,2025-12-19 10:51:59,SiH7
94376,94479,94479,94376,0,5,2025-12-19 11:01:00,2025-12-19 11:01:59,SiH7
94479,94479,94479,94479,0,1,2025-12-19 11:19:00,2025-12-19 11:19:59,SiH7
93434,93434,93434,93434,0,1,2025-12-19 11:48:00,2025-12-19 11:48:59,SiH7
93214,93214,93214,93214,0,1,2025-12-19 13:31:00,2025-12-19 13:31:59,SiH7
93200,93200,93200,93200,0,1,2025-12-19 13:33:00,2025-12-19 13:33:59,SiH7
92513,92513,92513,92513,0,2,2025-12-19 17:38:00,2025-12-19 17:38:59,SiH7
92510,92500,92510,92500,0,5,2025-12-19 17:52:00,2025-12-19 17:52:59,SiH7
92451,92451,92451,92451,0,1,2025-12-19 20:52:00,2025-12-19 20:52:59,SiH7
92442,92441,92442,92441,0,5,2025-12-19 22:16:00,2025-12-19 22:16:59,SiH7
92400,92400,92400,92400,0,1,2025-12-19 22:17:00,2025-12-19 22:17:59,SiH7
92278,92278,92278,92278,0,1,2025-12-22 09:09:00,2025-12-22 09:09:59,SiH7
91800,91800,91800,91800,0,1,2025-12-22 11:50:00,2025-12-22 11:50:59,SiH7
91759,91759,91759,91759,0,1,2025-12-22 12:02:00,2025-12-22 12:02:59,SiH7
91759,91759,91759,91759,0,4,2025-12-22 13:32:00,2025-12-22 13:32:59,SiH7
91031,91000,91031,91000,0,9,2025-12-22 15:28:00,2025-12-22 15:28:59,SiH7
91001,91001,91001,91001,0,1,2025-12-22 17:18:00,2025-12-22 17:18:59,SiH7
90998,90998,90998,90998,0,3,2025-12-22 18:22:00,2025-12-22 18:22:59,SiH7
90603,90603,90603,90603,0,1,2025-12-22 22:25:00,2025-12-22 22:25:59,SiH7
90601,90601,90601,90601,0,1,2025-12-23 12:02:00,2025-12-23 12:02:59,SiH7
90500,90500,90500,90500,0,1,2025-12-23 12:12:00,2025-12-23 12:12:59,SiH7
91052,91052,91052,91052,0,1,2025-12-23 12:20:00,2025-12-23 12:20:59,SiH7
90200,90200,90200,90200,0,1,2025-12-23 15:56:00,2025-12-23 15:56:59,SiH7
90689,90689,90689,90689,0,1,2025-12-23 16:58:00,2025-12-23 16:58:59,SiH7
90101,90101,90101,90101,0,2,2025-12-23 17:01:00,2025-12-23 17:01:59,SiH7
90050,90050,90050,90050,0,1,2025-12-23 17:03:00,2025-12-23 17:03:59,SiH7
90950,90950,90950,90950,0,1,2025-12-23 19:14:00,2025-12-23 19:14:59,SiH7
90142,90142,90142,90142,0,1,2025-12-23 22:05:00,2025-12-23 22:05:59,SiH7
90001,90001,90001,90001,0,1,2025-12-23 22:13:00,2025-12-23 22:13:59,SiH7
90499,90499,90499,90499,0,1,2025-12-23 22:16:00,2025-12-23 22:16:59,SiH7
90429,90429,90429,90429,0,1,2025-12-24 12:52:00,2025-12-24 12:52:59,SiH7
90765,90765,90765,90765,0,1,2025-12-24 16:49:00,2025-12-24 16:49:59,SiH7
90526,90526,90526,90526,0,1,2025-12-24 18:00:00,2025-12-24 18:00:59,SiH7
90500,90497,90500,90497,0,4,2025-12-24 21:00:00,2025-12-24 21:00:59,SiH7
90050,90050,90050,90050,0,1,2025-12-25 10:31:00,2025-12-25 10:31:59,SiH7
90050,90050,90050,90050,0,1,2025-12-25 12:52:00,2025-12-25 12:52:59,SiH7
90001,90001,90001,90001,0,1,2025-12-25 15:57:00,2025-12-25 15:57:59,SiH7
90000,90000,90000,90000,0,1,2025-12-25 15:58:00,2025-12-25 15:58:59,SiH7
89801,89800,89801,89800,0,2,2025-12-25 16:45:00,2025-12-25 16:45:59,SiH7
89453,89400,89453,89400,0,4,2025-12-25 17:36:00,2025-12-25 17:36:59,SiH7
89997,89997,89997,89997,0,1,2025-12-26 10:46:00,2025-12-26 10:46:59,SiH7
89997,89999,89999,89997,0,2,2025-12-26 10:48:00,2025-12-26 10:48:59,SiH7
89763,89763,89763,89763,0,1,2025-12-26 12:44:00,2025-12-26 12:44:59,SiH7
90208,90208,90208,90208,0,6,2025-12-26 16:18:00,2025-12-26 16:18:59,SiH7
89351,89351,89351,89351,0,1,2025-12-26 16:49:00,2025-12-26 16:49:59,SiH7
90209,90209,90209,90209,0,1,2025-12-29 10:30:00,2025-12-29 10:30:59,SiH7
89461,89461,89461,89461,0,1,2025-12-29 11:12:00,2025-12-29 11:12:59,SiH7
90150,90150,90150,90150,0,1,2025-12-29 11:55:00,2025-12-29 11:55:59,SiH7
90150,90341,90341,90150,0,10,2025-12-29 12:07:00,2025-12-29 12:07:59,SiH7
90442,90442,90442,90442,0,2,2025-12-29 15:56:00,2025-12-29 15:56:59,SiH7
90432,90432,90432,90432,0,2,2025-12-29 16:00:00,2025-12-29 16:00:59,SiH7
90304,90304,90304,90304,0,1,2025-12-30 10:05:00,2025-12-30 10:05:59,SiH7
90303,90303,90303,90303,0,1,2025-12-30 10:06:00,2025-12-30 10:06:59,SiH7
90536,90536,90536,90536,0,2,2025-12-30 10:49:00,2025-12-30 10:49:59,SiH7
90888,91454,91454,90888,0,2,2025-12-30 16:19:00,2025-12-30 16:19:59,SiH7
90451,90451,90451,90451,0,1,2025-12-30 16:42:00,2025-12-30 16:42:59,SiH7
90543,90543,90543,90543,0,2,2025-12-30 18:14:00,2025-12-30 18:14:59,SiH7
