sample_id,split,contract,anchor_time,trade_date,label_20,forward_return_20,cnn_p_up,cnn_pred,rank_confidence,confidence_bucket,signal_bucket,xai_quality_bucket,heat_on_foreground,heat_on_background,rank_xai_quality,xai_source_file,is_correct,error_type,image_path,gradcam_raw_path,gradcam_masked_path,gradcam_heat_path,show_in_dashboard
16301,test,SiU5,2025-09-16 13:00:00,2025-09-16,1.0,0.002108992745065,0.899929940700531,1.0,0.399929940700531,high,long,,,,,,1,TP,16301_y1_SiU5_2025-09-16_13-00-00.png,16301_y1_SiU5_2025-09-16_13-00-00.png,16301_y1_SiU5_2025-09-16_13-00-00.png,16301_y1_SiU5_2025-09-16_13-00-00.png,1
16653,test,SiZ5,2025-10-02 08:45:00,2025-10-02,1.0,0.0015636464234594,0.9083652496337892,1.0,0.4083652496337892,very_high,long,,,,,,1,TP,16653_y1_SiZ5_2025-10-02_08-45-00.png,16653_y1_SiZ5_2025-10-02_08-45-00.png,16653_y1_SiZ5_2025-10-02_08-45-00.png,16653_y1_SiZ5_2025-10-02_08-45-00.png,1
16654,test,SiZ5,2025-10-02 09:00:00,2025-10-02,1.0,0.00120400693508,0.9114511609077454,1.0,0.41145116090774536,very_high,long,,,,,,1,TP,16654_y1_SiZ5_2025-10-02_09-00-00.png,16654_y1_SiZ5_2025-10-02_09-00-00.png,16654_y1_SiZ5_2025-10-02_09-00-00.png,16654_y1_SiZ5_2025-10-02_09-00-00.png,1
16655,test,SiZ5,2025-10-02 09:15:00,2025-10-02,1.0,0.0025107430833857,0.9000189900398254,1.0,0.40001899003982544,very_high,long,,,,,,1,TP,16655_y1_SiZ5_2025-10-02_09-15-00.png,16655_y1_SiZ5_2025-10-02_09-15-00.png,16655_y1_SiZ5_2025-10-02_09-15-00.png,16655_y1_SiZ5_2025-10-02_09-15-00.png,1
16656,test,SiZ5,2025-10-02 09:30:00,2025-10-02,1.0,0.0012179827311755,0.9037574529647828,1.0,0.4037574529647828,very_high,long,,,,,,1,TP,16656_y1_SiZ5_2025-10-02_09-30-00.png,16656_y1_SiZ5_2025-10-02_09-30-00.png,16656_y1_SiZ5_2025-10-02_09-30-00.png,16656_y1_SiZ5_2025-10-02_09-30-00.png,1
16657,test,SiZ5,2025-10-02 09:45:00,2025-10-02,1.0,0.0024508324379142,0.8944708704948425,1.0,0.39447087049484253,high,long,,,,,,1,TP,16657_y1_SiZ5_2025-10-02_09-45-00.png,16657_y1_SiZ5_2025-10-02_09-45-00.png,16657_y1_SiZ5_2025-10-02_09-45-00.png,16657_y1_SiZ5_2025-10-02_09-45-00.png,1
16901,test,SiZ5,2025-10-10 09:15:00,2025-10-10,0.0,-0.0053366369657407,0.2686084806919098,0.0,0.2313915193080902,medium,short,,,,,,1,TN,16901_y0_SiZ5_2025-10-10_09-15-00.png,16901_y0_SiZ5_2025-10-10_09-15-00.png,16901_y0_SiZ5_2025-10-10_09-15-00.png,16901_y0_SiZ5_2025-10-10_09-15-00.png,0
16902,test,SiZ5,2025-10-10 09:30:00,2025-10-10,0.0,-0.0045371186319574,0.2674839794635772,0.0,0.23251602053642279,medium,short,,,,,,1,TN,16902_y0_SiZ5_2025-10-10_09-30-00.png,16902_y0_SiZ5_2025-10-10_09-30-00.png,16902_y0_SiZ5_2025-10-10_09-30-00.png,16902_y0_SiZ5_2025-10-10_09-30-00.png,0
16906,test,SiZ5,2025-10-10 10:30:00,2025-10-10,1.0,0.0012459417043044,0.243684709072113,0.0,0.25631529092788696,high,short,background-heavy,,0.869688868522644,,,0,FN,16906_y1_SiZ5_2025-10-10_10-30-00.png,16906_y1_SiZ5_2025-10-10_10-30-00.png,16906_y1_SiZ5_2025-10-10_10-30-00.png,16906_y1_SiZ5_2025-10-10_10-30-00.png,0
16907,test,SiZ5,2025-10-10 10:45:00,2025-10-10,1.0,0.0016655283559197,0.2624923884868622,0.0,0.23750761151313782,medium,short,background-heavy,,0.8787614107131958,,,0,FN,16907_y1_SiZ5_2025-10-10_10-45-00.png,16907_y1_SiZ5_2025-10-10_10-45-00.png,16907_y1_SiZ5_2025-10-10_10-45-00.png,16907_y1_SiZ5_2025-10-10_10-45-00.png,0
16908,test,SiZ5,2025-10-10 11:00:00,2025-10-10,1.0,0.0035487351636493,0.2199770957231521,0.0,0.2800229042768479,high,short,,,,,,0,FN,16908_y1_SiZ5_2025-10-10_11-00-00.png,16908_y1_SiZ5_2025-10-10_11-00-00.png,16908_y1_SiZ5_2025-10-10_11-00-00.png,16908_y1_SiZ5_2025-10-10_11-00-00.png,1
16958,test,SiZ5,2025-10-13 13:15:00,2025-10-13,0.0,-0.0043641124486307,0.2457470595836639,0.0,0.25425294041633606,high,short,background-heavy,,0.9986491203308104,,,1,TN,16958_y0_SiZ5_2025-10-13_13-15-00.png,16958_y0_SiZ5_2025-10-13_13-15-00.png,16958_y0_SiZ5_2025-10-13_13-15-00.png,16958_y0_SiZ5_2025-10-13_13-15-00.png,0
16960,test,SiZ5,2025-10-13 13:45:00,2025-10-13,0.0,-0.0054909090909091,0.2496913522481918,0.0,0.25030864775180817,high,short,background-heavy,,0.9991598725318908,,,1,TN,16960_y0_SiZ5_2025-10-13_13-45-00.png,16960_y0_SiZ5_2025-10-13_13-45-00.png,16960_y0_SiZ5_2025-10-13_13-45-00.png,16960_y0_SiZ5_2025-10-13_13-45-00.png,0
16961,test,SiZ5,2025-10-13 14:00:00,2025-10-13,0.0,-0.0069089234200383,0.2587004899978637,0.0,0.24129951000213629,medium,short,background-heavy,,0.9992966651916504,,,1,TN,16961_y0_SiZ5_2025-10-13_14-00-00.png,16961_y0_SiZ5_2025-10-13_14-00-00.png,16961_y0_SiZ5_2025-10-13_14-00-00.png,16961_y0_SiZ5_2025-10-13_14-00-00.png,0
16962,test,SiZ5,2025-10-13 14:15:00,2025-10-13,0.0,-0.0058702955766595,0.2272887974977493,0.0,0.27271120250225067,high,short,background-heavy,,0.9990748167037964,,,1,TN,16962_y0_SiZ5_2025-10-13_14-15-00.png,16962_y0_SiZ5_2025-10-13_14-15-00.png,16962_y0_SiZ5_2025-10-13_14-15-00.png,16962_y0_SiZ5_2025-10-13_14-15-00.png,0
16963,test,SiZ5,2025-10-13 14:30:00,2025-10-13,0.0,-0.0082522448287144,0.2423587888479232,0.0,0.25764121115207683,high,short,background-heavy,,0.9991117715835572,,,1,TN,16963_y0_SiZ5_2025-10-13_14-30-00.png,16963_y0_SiZ5_2025-10-13_14-30-00.png,16963_y0_SiZ5_2025-10-13_14-30-00.png,16963_y0_SiZ5_2025-10-13_14-30-00.png,0
16964,test,SiZ5,2025-10-13 14:45:00,2025-10-13,0.0,-0.0078001041628816,0.2167801409959793,0.0,0.2832198590040207,high,short,background-heavy,,0.9987344741821288,,,1,TN,16964_y0_SiZ5_2025-10-13_14-45-00.png,16964_y0_SiZ5_2025-10-13_14-45-00.png,16964_y0_SiZ5_2025-10-13_14-45-00.png,16964_y0_SiZ5_2025-10-13_14-45-00.png,0
16965,test,SiZ5,2025-10-13 15:00:00,2025-10-13,0.0,-0.0067620790363431,0.1840879023075103,0.0,0.31591209769248974,high,short,background-heavy,,0.9989784359931946,,,1,TN,16965_y0_SiZ5_2025-10-13_15-00-00.png,16965_y0_SiZ5_2025-10-13_15-00-00.png,16965_y0_SiZ5_2025-10-13_15-00-00.png,16965_y0_SiZ5_2025-10-13_15-00-00.png,0
16966,test,SiZ5,2025-10-13 15:15:00,2025-10-13,0.0,-0.0080760382612906,0.2089293301105499,0.0,0.2910706698894501,high,short,background-heavy,,0.9996051788330078,,,1,TN,16966_y0_SiZ5_2025-10-13_15-15-00.png,16966_y0_SiZ5_2025-10-13_15-15-00.png,16966_y0_SiZ5_2025-10-13_15-15-00.png,16966_y0_SiZ5_2025-10-13_15-15-00.png,0
16967,test,SiZ5,2025-10-13 15:30:00,2025-10-13,0.0,-0.0067028678092652,0.2457112818956375,0.0,0.2542887181043625,high,short,background-heavy,0.0783801302313804,0.921619951725006,-0.8432398214936256,,1,TN,16967_y0_SiZ5_2025-10-13_15-30-00.png,16967_y0_SiZ5_2025-10-13_15-30-00.png,16967_y0_SiZ5_2025-10-13_15-30-00.png,16967_y0_SiZ5_2025-10-13_15-30-00.png,0
16968,test,SiZ5,2025-10-13 15:45:00,2025-10-13,0.0,-0.0071529023810678,0.2052763402462005,0.0,0.2947236597537995,high,short,background-heavy,,0.999444842338562,,,1,TN,16968_y0_SiZ5_2025-10-13_15-45-00.png,16968_y0_SiZ5_2025-10-13_15-45-00.png,16968_y0_SiZ5_2025-10-13_15-45-00.png,16968_y0_SiZ5_2025-10-13_15-45-00.png,0
16969,test,SiZ5,2025-10-13 16:00:00,2025-10-13,0.0,-0.0072373286135121,0.2042256891727447,0.0,0.2957743108272553,high,short,background-heavy,,0.9985849261283876,,,1,TN,16969_y0_SiZ5_2025-10-13_16-00-00.png,16969_y0_SiZ5_2025-10-13_16-00-00.png,16969_y0_SiZ5_2025-10-13_16-00-00.png,16969_y0_SiZ5_2025-10-13_16-00-00.png,0
16970,test,SiZ5,2025-10-13 16:15:00,2025-10-13,0.0,-0.0055844218909337,0.1357365399599075,0.0,0.36426346004009247,high,short,background-heavy,,0.9994783401489258,,,1,TN,16970_y0_SiZ5_2025-10-13_16-15-00.png,16970_y0_SiZ5_2025-10-13_16-15-00.png,16970_y0_SiZ5_2025-10-13_16-15-00.png,16970_y0_SiZ5_2025-10-13_16-15-00.png,0
16971,test,SiZ5,2025-10-13 16:30:00,2025-10-13,0.0,-0.0039509834909674,0.2481963485479354,0.0,0.2518036514520646,high,short,background-heavy,,0.996687650680542,,,1,TN,16971_y0_SiZ5_2025-10-13_16-30-00.png,16971_y0_SiZ5_2025-10-13_16-30-00.png,16971_y0_SiZ5_2025-10-13_16-30-00.png,16971_y0_SiZ5_2025-10-13_16-30-00.png,0
16972,test,SiZ5,2025-10-13 16:45:00,2025-10-13,0.0,-0.0040807899243353,0.253883421421051,0.0,0.24611657857894897,medium,short,background-heavy,,0.9946449398994446,,,1,TN,16972_y0_SiZ5_2025-10-13_16-45-00.png,16972_y0_SiZ5_2025-10-13_16-45-00.png,16972_y0_SiZ5_2025-10-13_16-45-00.png,16972_y0_SiZ5_2025-10-13_16-45-00.png,0
17024,test,SiZ5,2025-10-15 09:15:00,2025-10-15,0.0,-0.004817907792657,0.9354503750801086,1.0,0.43545037508010864,very_high,long,background-heavy,,0.8840186595916748,,,0,FP,17024_y0_SiZ5_2025-10-15_09-15-00.png,17024_y0_SiZ5_2025-10-15_09-15-00.png,17024_y0_SiZ5_2025-10-15_09-15-00.png,17024_y0_SiZ5_2025-10-15_09-15-00.png,0
17353,test,SiZ5,2025-10-27 09:30:00,2025-10-27,0.0,-0.0022571403767688,0.9229754209518432,1.0,0.42297542095184315,very_high,long,,,,,,0,FP,17353_y0_SiZ5_2025-10-27_09-30-00.png,17353_y0_SiZ5_2025-10-27_09-30-00.png,17353_y0_SiZ5_2025-10-27_09-30-00.png,17353_y0_SiZ5_2025-10-27_09-30-00.png,1
17355,test,SiZ5,2025-10-27 10:00:00,2025-10-27,1.0,0.0055056179775281,0.9051684737205504,1.0,0.4051684737205504,very_high,long,,,,,,1,TP,17355_y1_SiZ5_2025-10-27_10-00-00.png,17355_y1_SiZ5_2025-10-27_10-00-00.png,17355_y1_SiZ5_2025-10-27_10-00-00.png,17355_y1_SiZ5_2025-10-27_10-00-00.png,1
17356,test,SiZ5,2025-10-27 10:15:00,2025-10-27,1.0,0.0062023436622531,0.9036730527877808,1.0,0.40367305278778076,very_high,long,,,,,,1,TP,17356_y1_SiZ5_2025-10-27_10-15-00.png,17356_y1_SiZ5_2025-10-27_10-15-00.png,17356_y1_SiZ5_2025-10-27_10-15-00.png,17356_y1_SiZ5_2025-10-27_10-15-00.png,1
17357,test,SiZ5,2025-10-27 10:30:00,2025-10-27,1.0,0.0043090028270047,0.9249202013015748,1.0,0.4249202013015748,very_high,long,,,,,,1,TP,17357_y1_SiZ5_2025-10-27_10-30-00.png,17357_y1_SiZ5_2025-10-27_10-30-00.png,17357_y1_SiZ5_2025-10-27_10-30-00.png,17357_y1_SiZ5_2025-10-27_10-30-00.png,1
17358,test,SiZ5,2025-10-27 10:45:00,2025-10-27,1.0,0.0033595460879951,0.9181988835334778,1.0,0.4181988835334778,very_high,long,,,,,,1,TP,17358_y1_SiZ5_2025-10-27_10-45-00.png,17358_y1_SiZ5_2025-10-27_10-45-00.png,17358_y1_SiZ5_2025-10-27_10-45-00.png,17358_y1_SiZ5_2025-10-27_10-45-00.png,1
17359,test,SiZ5,2025-10-27 11:00:00,2025-10-27,1.0,0.0042184641803859,0.9143356680870056,1.0,0.4143356680870056,very_high,long,,,,,,1,TP,17359_y1_SiZ5_2025-10-27_11-00-00.png,17359_y1_SiZ5_2025-10-27_11-00-00.png,17359_y1_SiZ5_2025-10-27_11-00-00.png,17359_y1_SiZ5_2025-10-27_11-00-00.png,1
17360,test,SiZ5,2025-10-27 11:15:00,2025-10-27,1.0,0.0032695582988351,0.9126601219177246,1.0,0.4126601219177246,very_high,long,,,,,,1,TP,17360_y1_SiZ5_2025-10-27_11-15-00.png,17360_y1_SiZ5_2025-10-27_11-15-00.png,17360_y1_SiZ5_2025-10-27_11-15-00.png,17360_y1_SiZ5_2025-10-27_11-15-00.png,1
17361,test,SiZ5,2025-10-27 11:30:00,2025-10-27,1.0,0.004416961130742,0.9212812781333924,1.0,0.42128127813339245,very_high,long,,,,,,1,TP,17361_y1_SiZ5_2025-10-27_11-30-00.png,17361_y1_SiZ5_2025-10-27_11-30-00.png,17361_y1_SiZ5_2025-10-27_11-30-00.png,17361_y1_SiZ5_2025-10-27_11-30-00.png,1
17362,test,SiZ5,2025-10-27 11:45:00,2025-10-27,1.0,0.0023000795703203,0.914422333240509,1.0,0.41442233324050903,very_high,long,background-heavy,0.0869213491678237,0.9130787253379822,-0.8261573761701585,,1,TP,17362_y1_SiZ5_2025-10-27_11-45-00.png,17362_y1_SiZ5_2025-10-27_11-45-00.png,17362_y1_SiZ5_2025-10-27_11-45-00.png,17362_y1_SiZ5_2025-10-27_11-45-00.png,0
17363,test,SiZ5,2025-10-27 12:00:00,2025-10-27,1.0,0.0009332304705971,0.910810649394989,1.0,0.410810649394989,very_high,long,,,,,,1,TP,17363_y1_SiZ5_2025-10-27_12-00-00.png,17363_y1_SiZ5_2025-10-27_12-00-00.png,17363_y1_SiZ5_2025-10-27_12-00-00.png,17363_y1_SiZ5_2025-10-27_12-00-00.png,1
17364,test,SiZ5,2025-10-27 12:15:00,2025-10-27,1.0,0.0027364545499775,0.9128973484039308,1.0,0.4128973484039308,very_high,long,,,,,,1,TP,17364_y1_SiZ5_2025-10-27_12-15-00.png,17364_y1_SiZ5_2025-10-27_12-15-00.png,17364_y1_SiZ5_2025-10-27_12-15-00.png,17364_y1_SiZ5_2025-10-27_12-15-00.png,1
17365,test,SiZ5,2025-10-27 12:30:00,2025-10-27,0.0,-0.0011288641889545,0.9169514179229736,1.0,0.41695141792297363,very_high,long,,,,,,0,FP,17365_y0_SiZ5_2025-10-27_12-30-00.png,17365_y0_SiZ5_2025-10-27_12-30-00.png,17365_y0_SiZ5_2025-10-27_12-30-00.png,17365_y0_SiZ5_2025-10-27_12-30-00.png,1
17367,test,SiZ5,2025-10-27 13:00:00,2025-10-27,1.0,0.000907813413254,0.9078497290611268,1.0,0.4078497290611268,very_high,long,,,,,,1,TP,17367_y1_SiZ5_2025-10-27_13-00-00.png,17367_y1_SiZ5_2025-10-27_13-00-00.png,17367_y1_SiZ5_2025-10-27_13-00-00.png,17367_y1_SiZ5_2025-10-27_13-00-00.png,1
17368,test,SiZ5,2025-10-27 13:15:00,2025-10-27,1.0,0.0033078817121396,0.9142130613327026,1.0,0.41421306133270264,very_high,long,,,,,,1,TP,17368_y1_SiZ5_2025-10-27_13-15-00.png,17368_y1_SiZ5_2025-10-27_13-15-00.png,17368_y1_SiZ5_2025-10-27_13-15-00.png,17368_y1_SiZ5_2025-10-27_13-15-00.png,1
17369,test,SiZ5,2025-10-27 13:30:00,2025-10-27,1.0,0.0104731578685506,0.9098528623580932,1.0,0.40985286235809315,very_high,long,,,,,,1,TP,17369_y1_SiZ5_2025-10-27_13-30-00.png,17369_y1_SiZ5_2025-10-27_13-30-00.png,17369_y1_SiZ5_2025-10-27_13-30-00.png,17369_y1_SiZ5_2025-10-27_13-30-00.png,1
17371,test,SiZ5,2025-10-27 14:00:00,2025-10-27,1.0,0.0083540527100944,0.9110915660858154,1.0,0.41109156608581543,very_high,long,,,,,,1,TP,17371_y1_SiZ5_2025-10-27_14-00-00.png,17371_y1_SiZ5_2025-10-27_14-00-00.png,17371_y1_SiZ5_2025-10-27_14-00-00.png,17371_y1_SiZ5_2025-10-27_14-00-00.png,1
17372,test,SiZ5,2025-10-27 14:15:00,2025-10-27,1.0,0.0111241217798594,0.9047667980194092,1.0,0.4047667980194092,very_high,long,,,,,,1,TP,17372_y1_SiZ5_2025-10-27_14-15-00.png,17372_y1_SiZ5_2025-10-27_14-15-00.png,17372_y1_SiZ5_2025-10-27_14-15-00.png,17372_y1_SiZ5_2025-10-27_14-15-00.png,1
17373,test,SiZ5,2025-10-27 14:30:00,2025-10-27,1.0,0.0107891760201861,0.909930944442749,1.0,0.409930944442749,very_high,long,,,,,,1,TP,17373_y1_SiZ5_2025-10-27_14-30-00.png,17373_y1_SiZ5_2025-10-27_14-30-00.png,17373_y1_SiZ5_2025-10-27_14-30-00.png,17373_y1_SiZ5_2025-10-27_14-30-00.png,1
17678,test,SiZ5,2025-11-06 08:45:00,2025-11-06,0.0,-0.0080427983141522,0.2530145645141601,0.0,0.2469854354858399,medium,short,background-heavy,0.0619457513093948,0.9380542039871216,-0.8761084526777267,,1,TN,17678_y0_SiZ5_2025-11-06_08-45-00.png,17678_y0_SiZ5_2025-11-06_08-45-00.png,17678_y0_SiZ5_2025-11-06_08-45-00.png,17678_y0_SiZ5_2025-11-06_08-45-00.png,0
17679,test,SiZ5,2025-11-06 09:00:00,2025-11-06,0.0,-0.0062568831766086,0.2255623489618301,0.0,0.27443765103816986,high,short,background-heavy,0.0636298954486846,0.9363700747489928,-0.8727401793003082,,1,TN,17679_y0_SiZ5_2025-11-06_09-00-00.png,17679_y0_SiZ5_2025-11-06_09-00-00.png,17679_y0_SiZ5_2025-11-06_09-00-00.png,17679_y0_SiZ5_2025-11-06_09-00-00.png,0
17680,test,SiZ5,2025-11-06 09:15:00,2025-11-06,0.0,-0.0040086713252837,0.1940149515867233,0.0,0.3059850484132767,high,short,,,,,,1,TN,17680_y0_SiZ5_2025-11-06_09-15-00.png,17680_y0_SiZ5_2025-11-06_09-15-00.png,17680_y0_SiZ5_2025-11-06_09-15-00.png,17680_y0_SiZ5_2025-11-06_09-15-00.png,1
17681,test,SiZ5,2025-11-06 09:30:00,2025-11-06,0.0,-0.0052810944071155,0.1880943477153778,0.0,0.3119056522846222,high,short,,,,,,1,TN,17681_y0_SiZ5_2025-11-06_09-30-00.png,17681_y0_SiZ5_2025-11-06_09-30-00.png,17681_y0_SiZ5_2025-11-06_09-30-00.png,17681_y0_SiZ5_2025-11-06_09-30-00.png,1
17682,test,SiZ5,2025-11-06 09:45:00,2025-11-06,0.0,-0.0058790154158165,0.2192760556936264,0.0,0.2807239443063736,high,short,,,,,,1,TN,17682_y0_SiZ5_2025-11-06_09-45-00.png,17682_y0_SiZ5_2025-11-06_09-45-00.png,17682_y0_SiZ5_2025-11-06_09-45-00.png,17682_y0_SiZ5_2025-11-06_09-45-00.png,1
17768,test,SiZ5,2025-11-10 11:45:00,2025-11-10,1.0,0.0027265534660094,0.2594784796237945,0.0,0.2405215203762055,medium,short,,,,,,0,FN,17768_y1_SiZ5_2025-11-10_11-45-00.png,17768_y1_SiZ5_2025-11-10_11-45-00.png,17768_y1_SiZ5_2025-11-10_11-45-00.png,17768_y1_SiZ5_2025-11-10_11-45-00.png,0
17770,test,SiZ5,2025-11-10 12:15:00,2025-11-10,1.0,0.0024823860110247,0.2704147696495056,0.0,0.22958523035049438,medium,short,,,,,,0,FN,17770_y1_SiZ5_2025-11-10_12-15-00.png,17770_y1_SiZ5_2025-11-10_12-15-00.png,17770_y1_SiZ5_2025-11-10_12-15-00.png,17770_y1_SiZ5_2025-11-10_12-15-00.png,0
17996,test,SiZ5,2025-11-17 17:30:00,2025-11-17,1.0,0.0018840225103988,0.8972815275192261,1.0,0.3972815275192261,high,long,,,,,,1,TP,17996_y1_SiZ5_2025-11-17_17-30-00.png,17996_y1_SiZ5_2025-11-17_17-30-00.png,17996_y1_SiZ5_2025-11-17_17-30-00.png,17996_y1_SiZ5_2025-11-17_17-30-00.png,1
17997,test,SiZ5,2025-11-17 17:45:00,2025-11-17,1.0,0.002681194906954,0.9106418490409852,1.0,0.4106418490409852,very_high,long,,,,,,1,TP,17997_y1_SiZ5_2025-11-17_17-45-00.png,17997_y1_SiZ5_2025-11-17_17-45-00.png,17997_y1_SiZ5_2025-11-17_17-45-00.png,17997_y1_SiZ5_2025-11-17_17-45-00.png,1
18721,test,SiZ5,2025-12-11 14:30:00,2025-12-11,0.0,-0.0032335178661297,0.2674829065799713,0.0,0.2325170934200287,medium,short,,,,,,1,TN,18721_y0_SiZ5_2025-12-11_14-30-00.png,18721_y0_SiZ5_2025-12-11_14-30-00.png,18721_y0_SiZ5_2025-12-11_14-30-00.png,18721_y0_SiZ5_2025-12-11_14-30-00.png,0
0,train,SiH4,2024-01-08 08:45:00,2024-01-08,0.0,-0.0025362952597516,,,,,watch,,,,,,,—,0_y0_SiH4_2024-01-08_08-45-00.png,,,,0
1,train,SiH4,2024-01-08 09:00:00,2024-01-08,0.0,-0.0015742178105253,,,,,watch,,,,,,,—,1_y0_SiH4_2024-01-08_09-00-00.png,,,,0
3,train,SiH4,2024-01-08 09:30:00,2024-01-08,1.0,0.0020570728291315,,,,,watch,,,,,,,—,3_y1_SiH4_2024-01-08_09-30-00.png,,,,0
4,train,SiH4,2024-01-08 09:45:00,2024-01-08,1.0,0.0062917856634825,,,,,watch,,,,,,,—,4_y1_SiH4_2024-01-08_09-45-00.png,,,,0
5,train,SiH4,2024-01-08 10:00:00,2024-01-08,1.0,0.0045790041756157,,,,,watch,,,,,,,—,5_y1_SiH4_2024-01-08_10-00-00.png,,,,0
6,train,SiH4,2024-01-08 10:15:00,2024-01-08,1.0,0.0050121755462615,,,,,watch,,,,,,,—,6_y1_SiH4_2024-01-08_10-15-00.png,,,,0
7,train,SiH4,2024-01-08 10:30:00,2024-01-08,1.0,0.0054658520619681,,,,,watch,,,,,,,—,7_y1_SiH4_2024-01-08_10-30-00.png,,,,0
8,train,SiH4,2024-01-08 10:45:00,2024-01-08,1.0,0.0049601552365068,,,,,watch,,,,,,,—,8_y1_SiH4_2024-01-08_10-45-00.png,,,,0
9,train,SiH4,2024-01-08 11:00:00,2024-01-08,1.0,0.0063176501396648,,,,,watch,,,,,,,—,9_y1_SiH4_2024-01-08_11-00-00.png,,,,0
10,train,SiH4,2024-01-08 11:15:00,2024-01-08,1.0,0.0064095576533169,,,,,watch,,,,,,,—,10_y1_SiH4_2024-01-08_11-15-00.png,,,,0
11,train,SiH4,2024-01-08 11:30:00,2024-01-08,1.0,0.007076577509786,,,,,watch,,,,,,,—,11_y1_SiH4_2024-01-08_11-30-00.png,,,,0
12,train,SiH4,2024-01-08 11:45:00,2024-01-08,1.0,0.0070040693424684,,,,,watch,,,,,,,—,12_y1_SiH4_2024-01-08_11-45-00.png,,,,0
13,train,SiH4,2024-01-08 12:00:00,2024-01-08,1.0,0.0096266523562846,,,,,watch,,,,,,,—,13_y1_SiH4_2024-01-08_12-00-00.png,,,,0
14,train,SiH4,2024-01-08 12:15:00,2024-01-08,1.0,0.012955643390426,,,,,watch,,,,,,,—,14_y1_SiH4_2024-01-08_12-15-00.png,,,,0
15,train,SiH4,2024-01-08 12:30:00,2024-01-08,1.0,0.0109550284567556,,,,,watch,,,,,,,—,15_y1_SiH4_2024-01-08_12-30-00.png,,,,0
16,train,SiH4,2024-01-08 12:45:00,2024-01-08,1.0,0.0116133564575968,,,,,watch,,,,,,,—,16_y1_SiH4_2024-01-08_12-45-00.png,,,,0
17,train,SiH4,2024-01-08 13:00:00,2024-01-08,1.0,0.0091008892304313,,,,,watch,,,,,,,—,17_y1_SiH4_2024-01-08_13-00-00.png,,,,0
18,train,SiH4,2024-01-08 13:15:00,2024-01-08,1.0,0.0098823116492821,,,,,watch,,,,,,,—,18_y1_SiH4_2024-01-08_13-15-00.png,,,,0
19,train,SiH4,2024-01-08 13:30:00,2024-01-08,1.0,0.0095973500345505,,,,,watch,,,,,,,—,19_y1_SiH4_2024-01-08_13-30-00.png,,,,0
20,train,SiH4,2024-01-08 13:45:00,2024-01-08,1.0,0.0091297676457693,,,,,watch,,,,,,,—,20_y1_SiH4_2024-01-08_13-45-00.png,,,,0
21,train,SiH4,2024-01-08 14:00:00,2024-01-08,1.0,0.0071170480674476,,,,,watch,,,,,,,—,21_y1_SiH4_2024-01-08_14-00-00.png,,,,0
22,train,SiH4,2024-01-08 14:15:00,2024-01-08,1.0,0.0059894637899753,,,,,watch,,,,,,,—,22_y1_SiH4_2024-01-08_14-15-00.png,,,,0
23,train,SiH4,2024-01-08 14:30:00,2024-01-08,1.0,0.0045752347674163,,,,,watch,,,,,,,—,23_y1_SiH4_2024-01-08_14-30-00.png,,,,0
24,train,SiH4,2024-01-08 14:45:00,2024-01-08,1.0,0.0012722369622895,,,,,watch,,,,,,,—,24_y1_SiH4_2024-01-08_14-45-00.png,,,,0
25,train,SiH4,2024-01-08 15:00:00,2024-01-08,0.0,-0.0011178277242981,,,,,watch,,,,,,,—,25_y0_SiH4_2024-01-08_15-00-00.png,,,,0
26,train,SiH4,2024-01-08 15:15:00,2024-01-08,1.0,0.0005541309922203,,,,,watch,,,,,,,—,26_y1_SiH4_2024-01-08_15-15-00.png,,,,0
27,train,SiH4,2024-01-08 15:30:00,2024-01-08,0.0,-0.0009440001736091,,,,,watch,,,,,,,—,27_y0_SiH4_2024-01-08_15-30-00.png,,,,0
28,train,SiH4,2024-01-08 15:45:00,2024-01-08,0.0,-0.0019742694118413,,,,,watch,,,,,,,—,28_y0_SiH4_2024-01-08_15-45-00.png,,,,0
29,train,SiH4,2024-01-08 16:00:00,2024-01-08,0.0,-0.0016914786342394,,,,,watch,,,,,,,—,29_y0_SiH4_2024-01-08_16-00-00.png,,,,0
30,train,SiH4,2024-01-08 16:15:00,2024-01-08,0.0,-0.0024261854732144,,,,,watch,,,,,,,—,30_y0_SiH4_2024-01-08_16-15-00.png,,,,0
31,train,SiH4,2024-01-08 16:30:00,2024-01-08,0.0,-0.0029125162407969,,,,,watch,,,,,,,—,31_y0_SiH4_2024-01-08_16-30-00.png,,,,0
32,train,SiH4,2024-01-08 16:45:00,2024-01-08,0.0,-0.0022534478836007,,,,,watch,,,,,,,—,32_y0_SiH4_2024-01-08_16-45-00.png,,,,0
33,train,SiH4,2024-01-08 17:00:00,2024-01-08,0.0,-0.0016921942118279,,,,,watch,,,,,,,—,33_y0_SiH4_2024-01-08_17-00-00.png,,,,0
34,train,SiH4,2024-01-08 17:15:00,2024-01-08,0.0,-0.0026013440277476,,,,,watch,,,,,,,—,34_y0_SiH4_2024-01-08_17-15-00.png,,,,0
35,train,SiH4,2024-01-08 17:30:00,2024-01-08,0.0,-0.0017789348085475,,,,,watch,,,,,,,—,35_y0_SiH4_2024-01-08_17-30-00.png,,,,0
36,train,SiH4,2024-01-08 17:45:00,2024-01-08,0.0,-0.0015733506944444,,,,,watch,,,,,,,—,36_y0_SiH4_2024-01-08_17-45-00.png,,,,0
37,train,SiH4,2024-01-08 18:00:00,2024-01-08,1.0,0.0012184640825074,,,,,watch,,,,,,,—,37_y1_SiH4_2024-01-08_18-00-00.png,,,,0
38,train,SiH4,2024-01-08 18:15:00,2024-01-08,0.0,-0.0006733714186415,,,,,watch,,,,,,,—,38_y0_SiH4_2024-01-08_18-15-00.png,,,,0
41,train,SiH4,2024-01-09 08:45:00,2024-01-09,0.0,-0.0128028170544826,,,,,watch,,,,,,,—,41_y0_SiH4_2024-01-09_08-45-00.png,,,,0
42,train,SiH4,2024-01-09 09:00:00,2024-01-09,0.0,-0.0107978665505605,,,,,watch,,,,,,,—,42_y0_SiH4_2024-01-09_09-00-00.png,,,,0
43,train,SiH4,2024-01-09 09:15:00,2024-01-09,0.0,-0.0111323916686617,,,,,watch,,,,,,,—,43_y0_SiH4_2024-01-09_09-15-00.png,,,,0
44,train,SiH4,2024-01-09 09:30:00,2024-01-09,0.0,-0.0097792588236574,,,,,watch,,,,,,,—,44_y0_SiH4_2024-01-09_09-30-00.png,,,,0
45,train,SiH4,2024-01-09 09:45:00,2024-01-09,0.0,-0.0110486423002055,,,,,watch,,,,,,,—,45_y0_SiH4_2024-01-09_09-45-00.png,,,,0
46,train,SiH4,2024-01-09 10:00:00,2024-01-09,0.0,-0.0112374232327191,,,,,watch,,,,,,,—,46_y0_SiH4_2024-01-09_10-00-00.png,,,,0
47,train,SiH4,2024-01-09 10:15:00,2024-01-09,0.0,-0.00936538083699,,,,,watch,,,,,,,—,47_y0_SiH4_2024-01-09_10-15-00.png,,,,0
48,train,SiH4,2024-01-09 10:30:00,2024-01-09,0.0,-0.0094185362024985,,,,,watch,,,,,,,—,48_y0_SiH4_2024-01-09_10-30-00.png,,,,0
49,train,SiH4,2024-01-09 10:45:00,2024-01-09,0.0,-0.0090557968010125,,,,,watch,,,,,,,—,49_y0_SiH4_2024-01-09_10-45-00.png,,,,0
50,train,SiH4,2024-01-09 11:00:00,2024-01-09,0.0,-0.0072272821701527,,,,,watch,,,,,,,—,50_y0_SiH4_2024-01-09_11-00-00.png,,,,0
51,train,SiH4,2024-01-09 11:15:00,2024-01-09,0.0,-0.0085160810722172,,,,,watch,,,,,,,—,51_y0_SiH4_2024-01-09_11-15-00.png,,,,0
52,train,SiH4,2024-01-09 11:30:00,2024-01-09,0.0,-0.0114893523984432,,,,,watch,,,,,,,—,52_y0_SiH4_2024-01-09_11-30-00.png,,,,0
53,train,SiH4,2024-01-09 11:45:00,2024-01-09,0.0,-0.0080607285238381,,,,,watch,,,,,,,—,53_y0_SiH4_2024-01-09_11-45-00.png,,,,0
54,train,SiH4,2024-01-09 12:00:00,2024-01-09,0.0,-0.0085791001768211,,,,,watch,,,,,,,—,54_y0_SiH4_2024-01-09_12-00-00.png,,,,0
55,train,SiH4,2024-01-09 12:15:00,2024-01-09,0.0,-0.0074826062223778,,,,,watch,,,,,,,—,55_y0_SiH4_2024-01-09_12-15-00.png,,,,0
56,train,SiH4,2024-01-09 12:30:00,2024-01-09,0.0,-0.0054889071487264,,,,,watch,,,,,,,—,56_y0_SiH4_2024-01-09_12-30-00.png,,,,0
57,train,SiH4,2024-01-09 12:45:00,2024-01-09,0.0,-0.0057567051909033,,,,,watch,,,,,,,—,57_y0_SiH4_2024-01-09_12-45-00.png,,,,0
58,train,SiH4,2024-01-09 13:00:00,2024-01-09,0.0,-0.0055129933471431,,,,,watch,,,,,,,—,58_y0_SiH4_2024-01-09_13-00-00.png,,,,0
59,train,SiH4,2024-01-09 13:15:00,2024-01-09,0.0,-0.0031703196647578,,,,,watch,,,,,,,—,59_y0_SiH4_2024-01-09_13-15-00.png,,,,0
60,train,SiH4,2024-01-09 13:30:00,2024-01-09,1.0,0.0007919223916055,,,,,watch,,,,,,,—,60_y1_SiH4_2024-01-09_13-30-00.png,,,,0
61,train,SiH4,2024-01-09 13:45:00,2024-01-09,1.0,0.0017174374951833,,,,,watch,,,,,,,—,61_y1_SiH4_2024-01-09_13-45-00.png,,,,0
62,train,SiH4,2024-01-09 14:00:00,2024-01-09,1.0,0.0006272145073615,,,,,watch,,,,,,,—,62_y1_SiH4_2024-01-09_14-00-00.png,,,,0
63,train,SiH4,2024-01-09 14:15:00,2024-01-09,1.0,0.0025090512924914,,,,,watch,,,,,,,—,63_y1_SiH4_2024-01-09_14-15-00.png,,,,0
64,train,SiH4,2024-01-09 14:30:00,2024-01-09,1.0,0.001594650771481,,,,,watch,,,,,,,—,64_y1_SiH4_2024-01-09_14-30-00.png,,,,0
65,train,SiH4,2024-01-09 14:45:00,2024-01-09,1.0,0.0018583477199503,,,,,watch,,,,,,,—,65_y1_SiH4_2024-01-09_14-45-00.png,,,,0
66,train,SiH4,2024-01-09 15:00:00,2024-01-09,1.0,0.0032928064842958,,,,,watch,,,,,,,—,66_y1_SiH4_2024-01-09_15-00-00.png,,,,0
67,train,SiH4,2024-01-09 15:15:00,2024-01-09,1.0,0.0038234386707214,,,,,watch,,,,,,,—,67_y1_SiH4_2024-01-09_15-15-00.png,,,,0
68,train,SiH4,2024-01-09 15:30:00,2024-01-09,1.0,0.002101903818642,,,,,watch,,,,,,,—,68_y1_SiH4_2024-01-09_15-30-00.png,,,,0
69,train,SiH4,2024-01-09 15:45:00,2024-01-09,1.0,0.001838721042896,,,,,watch,,,,,,,—,69_y1_SiH4_2024-01-09_15-45-00.png,,,,0
70,train,SiH4,2024-01-09 16:00:00,2024-01-09,1.0,0.0017070860591643,,,,,watch,,,,,,,—,70_y1_SiH4_2024-01-09_16-00-00.png,,,,0
71,train,SiH4,2024-01-09 16:15:00,2024-01-09,1.0,0.0031093224543801,,,,,watch,,,,,,,—,71_y1_SiH4_2024-01-09_16-15-00.png,,,,0
72,train,SiH4,2024-01-09 16:30:00,2024-01-09,1.0,0.0056732098424108,,,,,watch,,,,,,,—,72_y1_SiH4_2024-01-09_16-30-00.png,,,,0
73,train,SiH4,2024-01-09 16:45:00,2024-01-09,1.0,0.0009029146525429,,,,,watch,,,,,,,—,73_y1_SiH4_2024-01-09_16-45-00.png,,,,0
74,train,SiH4,2024-01-09 17:00:00,2024-01-09,1.0,0.0011559802712699,,,,,watch,,,,,,,—,74_y1_SiH4_2024-01-09_17-00-00.png,,,,0
75,train,SiH4,2024-01-09 17:15:00,2024-01-09,1.0,0.0022043911471651,,,,,watch,,,,,,,—,75_y1_SiH4_2024-01-09_17-15-00.png,,,,0
76,train,SiH4,2024-01-09 17:30:00,2024-01-09,1.0,0.0021592085839556,,,,,watch,,,,,,,—,76_y1_SiH4_2024-01-09_17-30-00.png,,,,0
77,train,SiH4,2024-01-09 17:45:00,2024-01-09,1.0,0.0032534492075921,,,,,watch,,,,,,,—,77_y1_SiH4_2024-01-09_17-45-00.png,,,,0
78,train,SiH4,2024-01-09 18:00:00,2024-01-09,1.0,0.0038573443837066,,,,,watch,,,,,,,—,78_y1_SiH4_2024-01-09_18-00-00.png,,,,0
79,train,SiH4,2024-01-09 18:15:00,2024-01-09,1.0,0.0029933200541438,,,,,watch,,,,,,,—,79_y1_SiH4_2024-01-09_18-15-00.png,,,,0
80,train,SiH4,2024-01-09 18:30:00,2024-01-09,1.0,0.0014946697439279,,,,,watch,,,,,,,—,80_y1_SiH4_2024-01-09_18-30-00.png,,,,0
81,train,SiH4,2024-01-09 18:45:00,2024-01-09,1.0,0.0007803141039026,,,,,watch,,,,,,,—,81_y1_SiH4_2024-01-09_18-45-00.png,,,,0
82,train,SiH4,2024-01-10 08:45:00,2024-01-10,0.0,-0.0011867088607594,,,,,watch,,,,,,,—,82_y0_SiH4_2024-01-10_08-45-00.png,,,,0
83,train,SiH4,2024-01-10 09:00:00,2024-01-10,1.0,0.0010572803665238,,,,,watch,,,,,,,—,83_y1_SiH4_2024-01-10_09-00-00.png,,,,0
84,train,SiH4,2024-01-10 09:15:00,2024-01-10,1.0,0.0020597435784464,,,,,watch,,,,,,,—,84_y1_SiH4_2024-01-10_09-15-00.png,,,,0
85,train,SiH4,2024-01-10 09:30:00,2024-01-10,1.0,0.0027019277427322,,,,,watch,,,,,,,—,85_y1_SiH4_2024-01-10_09-30-00.png,,,,0
86,train,SiH4,2024-01-10 09:45:00,2024-01-10,1.0,0.0034314969491675,,,,,watch,,,,,,,—,86_y1_SiH4_2024-01-10_09-45-00.png,,,,0
87,train,SiH4,2024-01-10 10:00:00,2024-01-10,0.0,-0.003199278788012,,,,,watch,,,,,,,—,87_y0_SiH4_2024-01-10_10-00-00.png,,,,0
88,train,SiH4,2024-01-10 10:15:00,2024-01-10,0.0,-0.0014195479455069,,,,,watch,,,,,,,—,88_y0_SiH4_2024-01-10_10-15-00.png,,,,0
89,train,SiH4,2024-01-10 10:30:00,2024-01-10,1.0,0.0010024565693953,,,,,watch,,,,,,,—,89_y1_SiH4_2024-01-10_10-30-00.png,,,,0
90,train,SiH4,2024-01-10 10:45:00,2024-01-10,1.0,0.0009358141583177,,,,,watch,,,,,,,—,90_y1_SiH4_2024-01-10_10-45-00.png,,,,0
91,train,SiH4,2024-01-10 11:00:00,2024-01-10,1.0,0.0023031825795645,,,,,watch,,,,,,,—,91_y1_SiH4_2024-01-10_11-00-00.png,,,,0
92,train,SiH4,2024-01-10 11:15:00,2024-01-10,1.0,0.0049995033605934,,,,,watch,,,,,,,—,92_y1_SiH4_2024-01-10_11-15-00.png,,,,0
93,train,SiH4,2024-01-10 11:30:00,2024-01-10,1.0,0.0041780119718233,,,,,watch,,,,,,,—,93_y1_SiH4_2024-01-10_11-30-00.png,,,,0
94,train,SiH4,2024-01-10 11:45:00,2024-01-10,1.0,0.0045793103448275,,,,,watch,,,,,,,—,94_y1_SiH4_2024-01-10_11-45-00.png,,,,0
95,train,SiH4,2024-01-10 12:00:00,2024-01-10,1.0,0.0007360372632596,,,,,watch,,,,,,,—,95_y1_SiH4_2024-01-10_12-00-00.png,,,,0
96,train,SiH4,2024-01-10 12:15:00,2024-01-10,1.0,0.0007139326706573,,,,,watch,,,,,,,—,96_y1_SiH4_2024-01-10_12-15-00.png,,,,0
97,train,SiH4,2024-01-10 12:30:00,2024-01-10,1.0,0.0013188117506126,,,,,watch,,,,,,,—,97_y1_SiH4_2024-01-10_12-30-00.png,,,,0
99,train,SiH4,2024-01-10 13:00:00,2024-01-10,1.0,0.0022328057459,,,,,watch,,,,,,,—,99_y1_SiH4_2024-01-10_13-00-00.png,,,,0
100,train,SiH4,2024-01-10 13:15:00,2024-01-10,1.0,0.0009565590262887,,,,,watch,,,,,,,—,100_y1_SiH4_2024-01-10_13-15-00.png,,,,0
101,train,SiH4,2024-01-10 13:30:00,2024-01-10,1.0,0.0015623280888987,,,,,watch,,,,,,,—,101_y1_SiH4_2024-01-10_13-30-00.png,,,,0
102,train,SiH4,2024-01-10 13:45:00,2024-01-10,1.0,0.0019031903190318,,,,,watch,,,,,,,—,102_y1_SiH4_2024-01-10_13-45-00.png,,,,0
103,train,SiH4,2024-01-10 14:00:00,2024-01-10,1.0,0.0016612574949117,,,,,watch,,,,,,,—,103_y1_SiH4_2024-01-10_14-00-00.png,,,,0
13051,val,SiM5,2025-05-22 08:45:00,2025-05-22,1.0,0.0013707088169918,,,,,watch,,,,,,,—,13051_y1_SiM5_2025-05-22_08-45-00.png,,,,0
13052,val,SiM5,2025-05-22 09:00:00,2025-05-22,0.0,-0.0013508656694221,,,,,watch,,,,,,,—,13052_y0_SiM5_2025-05-22_09-00-00.png,,,,0
13053,val,SiM5,2025-05-22 09:15:00,2025-05-22,0.0,-0.0009054263565891,,,,,watch,,,,,,,—,13053_y0_SiM5_2025-05-22_09-15-00.png,,,,0
13055,val,SiM5,2025-05-22 09:45:00,2025-05-22,0.0,-0.0008283160458417,,,,,watch,,,,,,,—,13055_y0_SiM5_2025-05-22_09-45-00.png,,,,0
13056,val,SiM5,2025-05-22 10:00:00,2025-05-22,1.0,0.0010883142259983,,,,,watch,,,,,,,—,13056_y1_SiM5_2025-05-22_10-00-00.png,,,,0
13057,val,SiM5,2025-05-22 10:15:00,2025-05-22,0.0,-0.0015042043745222,,,,,watch,,,,,,,—,13057_y0_SiM5_2025-05-22_10-15-00.png,,,,0
13059,val,SiM5,2025-05-22 10:45:00,2025-05-22,1.0,0.0033083969088709,,,,,watch,,,,,,,—,13059_y1_SiM5_2025-05-22_10-45-00.png,,,,0
13060,val,SiM5,2025-05-22 11:00:00,2025-05-22,1.0,0.0034688360265162,,,,,watch,,,,,,,—,13060_y1_SiM5_2025-05-22_11-00-00.png,,,,0
13061,val,SiM5,2025-05-22 11:15:00,2025-05-22,1.0,0.0047892483231444,,,,,watch,,,,,,,—,13061_y1_SiM5_2025-05-22_11-15-00.png,,,,0
13062,val,SiM5,2025-05-22 11:30:00,2025-05-22,1.0,0.0050989467952129,,,,,watch,,,,,,,—,13062_y1_SiM5_2025-05-22_11-30-00.png,,,,0
13063,val,SiM5,2025-05-22 11:45:00,2025-05-22,1.0,0.0041027161958429,,,,,watch,,,,,,,—,13063_y1_SiM5_2025-05-22_11-45-00.png,,,,0
13064,val,SiM5,2025-05-22 12:00:00,2025-05-22,1.0,0.0038318912237329,,,,,watch,,,,,,,—,13064_y1_SiM5_2025-05-22_12-00-00.png,,,,0
13065,val,SiM5,2025-05-22 12:15:00,2025-05-22,1.0,0.0046008286438685,,,,,watch,,,,,,,—,13065_y1_SiM5_2025-05-22_12-15-00.png,,,,0
13066,val,SiM5,2025-05-22 12:30:00,2025-05-22,1.0,0.0071025539497129,,,,,watch,,,,,,,—,13066_y1_SiM5_2025-05-22_12-30-00.png,,,,0
13067,val,SiM5,2025-05-22 12:45:00,2025-05-22,1.0,0.0070668316831683,,,,,watch,,,,,,,—,13067_y1_SiM5_2025-05-22_12-45-00.png,,,,0
13068,val,SiM5,2025-05-22 13:00:00,2025-05-22,1.0,0.0048134032864779,,,,,watch,,,,,,,—,13068_y1_SiM5_2025-05-22_13-00-00.png,,,,0
13069,val,SiM5,2025-05-22 13:15:00,2025-05-22,1.0,0.0047218788627936,,,,,watch,,,,,,,—,13069_y1_SiM5_2025-05-22_13-15-00.png,,,,0
13070,val,SiM5,2025-05-22 13:30:00,2025-05-22,1.0,0.0031556629357527,,,,,watch,,,,,,,—,13070_y1_SiM5_2025-05-22_13-30-00.png,,,,0
13071,val,SiM5,2025-05-22 13:45:00,2025-05-22,1.0,0.0032556017313882,,,,,watch,,,,,,,—,13071_y1_SiM5_2025-05-22_13-45-00.png,,,,0
13072,val,SiM5,2025-05-22 14:00:00,2025-05-22,1.0,0.0083891784561926,,,,,watch,,,,,,,—,13072_y1_SiM5_2025-05-22_14-00-00.png,,,,0
13073,val,SiM5,2025-05-22 14:15:00,2025-05-22,1.0,0.0084789949349488,,,,,watch,,,,,,,—,13073_y1_SiM5_2025-05-22_14-15-00.png,,,,0
13074,val,SiM5,2025-05-22 14:30:00,2025-05-22,1.0,0.0054117647058824,,,,,watch,,,,,,,—,13074_y1_SiM5_2025-05-22_14-30-00.png,,,,0
13075,val,SiM5,2025-05-22 14:45:00,2025-05-22,1.0,0.0048626577579806,,,,,watch,,,,,,,—,13075_y1_SiM5_2025-05-22_14-45-00.png,,,,0
13076,val,SiM5,2025-05-22 15:00:00,2025-05-22,1.0,0.0029031341495051,,,,,watch,,,,,,,—,13076_y1_SiM5_2025-05-22_15-00-00.png,,,,0
13077,val,SiM5,2025-05-22 15:15:00,2025-05-22,1.0,0.0004568803714313,,,,,watch,,,,,,,—,13077_y1_SiM5_2025-05-22_15-15-00.png,,,,0
13079,val,SiM5,2025-05-22 15:45:00,2025-05-22,0.0,-0.0020547776656741,,,,,watch,,,,,,,—,13079_y0_SiM5_2025-05-22_15-45-00.png,,,,0
13080,val,SiM5,2025-05-22 16:00:00,2025-05-22,0.0,-0.0020298198996161,,,,,watch,,,,,,,—,13080_y0_SiM5_2025-05-22_16-00-00.png,,,,0
13081,val,SiM5,2025-05-22 16:15:00,2025-05-22,0.0,-0.0013547965957656,,,,,watch,,,,,,,—,13081_y0_SiM5_2025-05-22_16-15-00.png,,,,0
13082,val,SiM5,2025-05-22 16:30:00,2025-05-22,0.0,-0.0015637890485513,,,,,watch,,,,,,,—,13082_y0_SiM5_2025-05-22_16-30-00.png,,,,0
13083,val,SiM5,2025-05-22 16:45:00,2025-05-22,0.0,-0.0019937480000984,,,,,watch,,,,,,,—,13083_y0_SiM5_2025-05-22_16-45-00.png,,,,0
13084,val,SiM5,2025-05-22 17:00:00,2025-05-22,0.0,-0.001723925624923,,,,,watch,,,,,,,—,13084_y0_SiM5_2025-05-22_17-00-00.png,,,,0
13085,val,SiM5,2025-05-22 17:15:00,2025-05-22,0.0,-0.0016989424698683,,,,,watch,,,,,,,—,13085_y0_SiM5_2025-05-22_17-15-00.png,,,,0
13086,val,SiM5,2025-05-22 17:30:00,2025-05-22,0.0,-0.0033419338985133,,,,,watch,,,,,,,—,13086_y0_SiM5_2025-05-22_17-30-00.png,,,,0
13087,val,SiM5,2025-05-22 17:45:00,2025-05-22,0.0,-0.0030846370328495,,,,,watch,,,,,,,—,13087_y0_SiM5_2025-05-22_17-45-00.png,,,,0
13088,val,SiM5,2025-05-22 18:00:00,2025-05-22,0.0,-0.0017117172587894,,,,,watch,,,,,,,—,13088_y0_SiM5_2025-05-22_18-00-00.png,,,,0
13089,val,SiM5,2025-05-22 18:15:00,2025-05-22,0.0,-0.0026820206195713,,,,,watch,,,,,,,—,13089_y0_SiM5_2025-05-22_18-15-00.png,,,,0
13090,val,SiM5,2025-05-22 18:30:00,2025-05-22,0.0,-0.0041902187269599,,,,,watch,,,,,,,—,13090_y0_SiM5_2025-05-22_18-30-00.png,,,,0
13091,val,SiM5,2025-05-22 18:45:00,2025-05-22,0.0,-0.0043635916661545,,,,,watch,,,,,,,—,13091_y0_SiM5_2025-05-22_18-45-00.png,,,,0
13092,val,SiM5,2025-05-23 08:45:00,2025-05-23,1.0,0.0031350670830299,,,,,watch,,,,,,,—,13092_y1_SiM5_2025-05-23_08-45-00.png,,,,0
13093,val,SiM5,2025-05-23 09:00:00,2025-05-23,1.0,0.0047726204901208,,,,,watch,,,,,,,—,13093_y1_SiM5_2025-05-23_09-00-00.png,,,,0
13094,val,SiM5,2025-05-23 09:15:00,2025-05-23,1.0,0.003137894398735,,,,,watch,,,,,,,—,13094_y1_SiM5_2025-05-23_09-15-00.png,,,,0
13095,val,SiM5,2025-05-23 09:30:00,2025-05-23,1.0,0.002778395198933,,,,,watch,,,,,,,—,13095_y1_SiM5_2025-05-23_09-30-00.png,,,,0
13096,val,SiM5,2025-05-23 09:45:00,2025-05-23,1.0,0.0030008150361826,,,,,watch,,,,,,,—,13096_y1_SiM5_2025-05-23_09-45-00.png,,,,0
13097,val,SiM5,2025-05-23 10:00:00,2025-05-23,0.0,-0.0007638572326191,,,,,watch,,,,,,,—,13097_y0_SiM5_2025-05-23_10-00-00.png,,,,0
13098,val,SiM5,2025-05-23 10:15:00,2025-05-23,1.0,0.0009746949451578,,,,,watch,,,,,,,—,13098_y1_SiM5_2025-05-23_10-15-00.png,,,,0
13102,val,SiM5,2025-05-23 11:15:00,2025-05-23,1.0,0.0007778546029237,,,,,watch,,,,,,,—,13102_y1_SiM5_2025-05-23_11-15-00.png,,,,0
13103,val,SiM5,2025-05-23 11:30:00,2025-05-23,1.0,0.0012714322746294,,,,,watch,,,,,,,—,13103_y1_SiM5_2025-05-23_11-30-00.png,,,,0
13105,val,SiM5,2025-05-23 12:00:00,2025-05-23,0.0,-0.0012474217891239,,,,,watch,,,,,,,—,13105_y0_SiM5_2025-05-23_12-00-00.png,,,,0
13106,val,SiM5,2025-05-23 12:15:00,2025-05-23,0.0,-0.0007054106232364,,,,,watch,,,,,,,—,13106_y0_SiM5_2025-05-23_12-15-00.png,,,,0
13107,val,SiM5,2025-05-23 12:30:00,2025-05-23,0.0,-0.0008912214685349,,,,,watch,,,,,,,—,13107_y0_SiM5_2025-05-23_12-30-00.png,,,,0
13108,val,SiM5,2025-05-23 12:45:00,2025-05-23,0.0,-0.0020535913105871,,,,,watch,,,,,,,—,13108_y0_SiM5_2025-05-23_12-45-00.png,,,,0
13109,val,SiM5,2025-05-23 13:00:00,2025-05-23,0.0,-0.0037044354440383,,,,,watch,,,,,,,—,13109_y0_SiM5_2025-05-23_13-00-00.png,,,,0
13110,val,SiM5,2025-05-23 13:15:00,2025-05-23,0.0,-0.0063546512345298,,,,,watch,,,,,,,—,13110_y0_SiM5_2025-05-23_13-15-00.png,,,,0
13111,val,SiM5,2025-05-23 13:30:00,2025-05-23,0.0,-0.0075503769029905,,,,,watch,,,,,,,—,13111_y0_SiM5_2025-05-23_13-30-00.png,,,,0
13112,val,SiM5,2025-05-23 13:45:00,2025-05-23,0.0,-0.0082807328387041,,,,,watch,,,,,,,—,13112_y0_SiM5_2025-05-23_13-45-00.png,,,,0
13113,val,SiM5,2025-05-23 14:00:00,2025-05-23,0.0,-0.008896928529238,,,,,watch,,,,,,,—,13113_y0_SiM5_2025-05-23_14-00-00.png,,,,0
13114,val,SiM5,2025-05-23 14:15:00,2025-05-23,0.0,-0.0085098522167487,,,,,watch,,,,,,,—,13114_y0_SiM5_2025-05-23_14-15-00.png,,,,0
13115,val,SiM5,2025-05-23 14:30:00,2025-05-23,0.0,-0.0084229192064723,,,,,watch,,,,,,,—,13115_y0_SiM5_2025-05-23_14-30-00.png,,,,0
13116,val,SiM5,2025-05-23 14:45:00,2025-05-23,0.0,-0.0080767289247855,,,,,watch,,,,,,,—,13116_y0_SiM5_2025-05-23_14-45-00.png,,,,0
13117,val,SiM5,2025-05-23 15:00:00,2025-05-23,0.0,-0.0063621231736638,,,,,watch,,,,,,,—,13117_y0_SiM5_2025-05-23_15-00-00.png,,,,0
13118,val,SiM5,2025-05-23 15:15:00,2025-05-23,0.0,-0.0074201898188093,,,,,watch,,,,,,,—,13118_y0_SiM5_2025-05-23_15-15-00.png,,,,0
13119,val,SiM5,2025-05-23 15:30:00,2025-05-23,0.0,-0.0072747897709057,,,,,watch,,,,,,,—,13119_y0_SiM5_2025-05-23_15-30-00.png,,,,0
13120,val,SiM5,2025-05-23 15:45:00,2025-05-23,0.0,-0.0066985763983123,,,,,watch,,,,,,,—,13120_y0_SiM5_2025-05-23_15-45-00.png,,,,0
13121,val,SiM5,2025-05-23 16:00:00,2025-05-23,0.0,-0.0065417561529537,,,,,watch,,,,,,,—,13121_y0_SiM5_2025-05-23_16-00-00.png,,,,0
13122,val,SiM5,2025-05-23 16:15:00,2025-05-23,0.0,-0.0069952501387946,,,,,watch,,,,,,,—,13122_y0_SiM5_2025-05-23_16-15-00.png,,,,0
13123,val,SiM5,2025-05-23 16:30:00,2025-05-23,0.0,-0.0077668466602559,,,,,watch,,,,,,,—,13123_y0_SiM5_2025-05-23_16-30-00.png,,,,0
13124,val,SiM5,2025-05-23 16:45:00,2025-05-23,0.0,-0.0072088085715696,,,,,watch,,,,,,,—,13124_y0_SiM5_2025-05-23_16-45-00.png,,,,0
13125,val,SiM5,2025-05-23 17:00:00,2025-05-23,0.0,-0.0053050725892216,,,,,watch,,,,,,,—,13125_y0_SiM5_2025-05-23_17-00-00.png,,,,0
13126,val,SiM5,2025-05-23 17:15:00,2025-05-23,0.0,-0.0040620704174768,,,,,watch,,,,,,,—,13126_y0_SiM5_2025-05-23_17-15-00.png,,,,0
13127,val,SiM5,2025-05-23 17:30:00,2025-05-23,0.0,-0.003630011397988,,,,,watch,,,,,,,—,13127_y0_SiM5_2025-05-23_17-30-00.png,,,,0
13128,val,SiM5,2025-05-23 17:45:00,2025-05-23,0.0,-0.0031611047751276,,,,,watch,,,,,,,—,13128_y0_SiM5_2025-05-23_17-45-00.png,,,,0
13129,val,SiM5,2025-05-23 18:00:00,2025-05-23,0.0,-0.0032472361310792,,,,,watch,,,,,,,—,13129_y0_SiM5_2025-05-23_18-00-00.png,,,,0
13130,val,SiM5,2025-05-23 18:15:00,2025-05-23,0.0,-0.0013163123385654,,,,,watch,,,,,,,—,13130_y0_SiM5_2025-05-23_18-15-00.png,,,,0
13131,val,SiM5,2025-05-23 18:30:00,2025-05-23,0.0,-0.0015141172820353,,,,,watch,,,,,,,—,13131_y0_SiM5_2025-05-23_18-30-00.png,,,,0
13132,val,SiM5,2025-05-23 18:45:00,2025-05-23,0.0,-0.0023821339950371,,,,,watch,,,,,,,—,13132_y0_SiM5_2025-05-23_18-45-00.png,,,,0
13133,val,SiM5,2025-05-26 08:45:00,2025-05-26,1.0,0.0060883935338775,,,,,watch,,,,,,,—,13133_y1_SiM5_2025-05-26_08-45-00.png,,,,0
13134,val,SiM5,2025-05-26 09:00:00,2025-05-26,1.0,0.0046411774195549,,,,,watch,,,,,,,—,13134_y1_SiM5_2025-05-26_09-00-00.png,,,,0
13135,val,SiM5,2025-05-26 09:15:00,2025-05-26,1.0,0.0073958980733375,,,,,watch,,,,,,,—,13135_y1_SiM5_2025-05-26_09-15-00.png,,,,0
13136,val,SiM5,2025-05-26 09:30:00,2025-05-26,1.0,0.0096103637765123,,,,,watch,,,,,,,—,13136_y1_SiM5_2025-05-26_09-30-00.png,,,,0
13137,val,SiM5,2025-05-26 09:45:00,2025-05-26,1.0,0.0066454244516904,,,,,watch,,,,,,,—,13137_y1_SiM5_2025-05-26_09-45-00.png,,,,0
13138,val,SiM5,2025-05-26 10:00:00,2025-05-26,1.0,0.0026818266081689,,,,,watch,,,,,,,—,13138_y1_SiM5_2025-05-26_10-00-00.png,,,,0
13139,val,SiM5,2025-05-26 10:15:00,2025-05-26,1.0,0.0026085773980986,,,,,watch,,,,,,,—,13139_y1_SiM5_2025-05-26_10-15-00.png,,,,0
13140,val,SiM5,2025-05-26 10:30:00,2025-05-26,1.0,0.002361056170886,,,,,watch,,,,,,,—,13140_y1_SiM5_2025-05-26_10-30-00.png,,,,0
13141,val,SiM5,2025-05-26 10:45:00,2025-05-26,1.0,0.0022604871782203,,,,,watch,,,,,,,—,13141_y1_SiM5_2025-05-26_10-45-00.png,,,,0
13142,val,SiM5,2025-05-26 11:00:00,2025-05-26,1.0,0.0019014223627025,,,,,watch,,,,,,,—,13142_y1_SiM5_2025-05-26_11-00-00.png,,,,0
13143,val,SiM5,2025-05-26 11:15:00,2025-05-26,1.0,0.0027933996662752,,,,,watch,,,,,,,—,13143_y1_SiM5_2025-05-26_11-15-00.png,,,,0
13144,val,SiM5,2025-05-26 11:30:00,2025-05-26,1.0,0.0034224572501728,,,,,watch,,,,,,,—,13144_y1_SiM5_2025-05-26_11-30-00.png,,,,0
13145,val,SiM5,2025-05-26 11:45:00,2025-05-26,1.0,0.0028313901012624,,,,,watch,,,,,,,—,13145_y1_SiM5_2025-05-26_11-45-00.png,,,,0
13146,val,SiM5,2025-05-26 12:00:00,2025-05-26,1.0,0.003545880230791,,,,,watch,,,,,,,—,13146_y1_SiM5_2025-05-26_12-00-00.png,,,,0
13147,val,SiM5,2025-05-26 12:15:00,2025-05-26,1.0,0.0014573838724418,,,,,watch,,,,,,,—,13147_y1_SiM5_2025-05-26_12-15-00.png,,,,0
13148,val,SiM5,2025-05-26 12:30:00,2025-05-26,1.0,0.0016806722689075,,,,,watch,,,,,,,—,13148_y1_SiM5_2025-05-26_12-30-00.png,,,,0
13152,val,SiM5,2025-05-26 13:30:00,2025-05-26,1.0,0.0020749706663372,,,,,watch,,,,,,,—,13152_y1_SiM5_2025-05-26_13-30-00.png,,,,0
13153,val,SiM5,2025-05-26 13:45:00,2025-05-26,1.0,0.0019636660038779,,,,,watch,,,,,,,—,13153_y1_SiM5_2025-05-26_13-45-00.png,,,,0
13154,val,SiM5,2025-05-26 14:00:00,2025-05-26,1.0,0.0008399520733228,,,,,watch,,,,,,,—,13154_y1_SiM5_2025-05-26_14-00-00.png,,,,0
13155,val,SiM5,2025-05-26 14:15:00,2025-05-26,0.0,-0.0004441976679622,,,,,watch,,,,,,,—,13155_y0_SiM5_2025-05-26_14-15-00.png,,,,0
13156,val,SiM5,2025-05-26 14:30:00,2025-05-26,0.0,-0.0033864075757016,,,,,watch,,,,,,,—,13156_y0_SiM5_2025-05-26_14-30-00.png,,,,0
13157,val,SiM5,2025-05-26 14:45:00,2025-05-26,0.0,-0.0021923072186026,,,,,watch,,,,,,,—,13157_y0_SiM5_2025-05-26_14-45-00.png,,,,0
13158,val,SiM5,2025-05-26 15:00:00,2025-05-26,0.0,-0.002292560272149,,,,,watch,,,,,,,—,13158_y0_SiM5_2025-05-26_15-00-00.png,,,,0
13159,val,SiM5,2025-05-26 15:15:00,2025-05-26,0.0,-0.0013933759155589,,,,,watch,,,,,,,—,13159_y0_SiM5_2025-05-26_15-15-00.png,,,,0
13160,val,SiM5,2025-05-26 15:30:00,2025-05-26,0.0,-0.0008262730154031,,,,,watch,,,,,,,—,13160_y0_SiM5_2025-05-26_15-30-00.png,,,,0
